{1,2,16,17,34, 37},,"J(8,3)"
{1,2,16,18,35, 37},,1-Fault-Tolerant Metric Dimension = 6
{1,2,16,19,32, 38},,1DRW index = 5040
{1,2,16,20,33, 38},,
{1,2,16,32,34, 39},,
{1,2,16,33,35, 40},,
{1,2,17,18,36, 37},,
{1,2,17,19,31, 39},,
{1,2,17,21,33, 39},,
{1,2,17,31,34, 38},,
{1,2,17,33,36, 40},,
{1,2,18,20,31, 40},,
{1,2,18,21,32, 40},,
{1,2,18,31,35, 38},,
{1,2,18,32,36, 39},,
{1,2,19,20,36, 38},,
{1,2,19,21,35, 39},,
{1,2,19,31,32, 37},,
{1,2,19,35,36, 40},,
{1,2,20,21,34, 40},,
{1,2,20,31,33, 37},,
{1,2,20,34,36, 39},,
{1,2,21,32,33, 37},,
{1,2,21,34,35, 38},,
{1,3,13,14,34, 37},,
{1,3,13,15,35, 37},,
{1,3,13,19,29, 41},,
{1,3,13,20,30, 41},,
{1,3,13,29,34, 42},,
{1,3,13,30,35, 43},,
{1,3,14,15,36, 37},,
{1,3,14,19,28, 42},,
{1,3,14,21,30, 42},,
{1,3,14,28,34, 41},,
{1,3,14,30,36, 43},,
{1,3,15,20,28, 43},,
{1,3,15,21,29, 43},,
{1,3,15,28,35, 41},,
{1,3,15,29,36, 42},,
{1,3,19,20,36, 41},,
{1,3,19,21,35, 42},,
{1,3,19,28,29, 37},,
{1,3,19,35,36, 43},,
{1,3,20,21,34, 43},,
{1,3,20,28,30, 37},,
{1,3,20,34,36, 42},,
{1,3,21,29,30, 37},,
{1,3,21,34,35, 41},,
{1,4,12,14,32, 38},,
{1,4,12,15,33, 38},,
{1,4,12,17,29, 41},,
{1,4,12,18,30, 41},,
{1,4,12,29,32, 44},,
{1,4,12,30,33, 45},,
{1,4,14,15,36, 38},,
{1,4,14,17,27, 44},,
{1,4,14,21,30, 44},,
{1,4,14,27,32, 41},,
{1,4,14,30,36, 45},,
{1,4,15,18,27, 45},,
{1,4,15,21,29, 45},,
{1,4,15,27,33, 41},,
{1,4,15,29,36, 44},,
{1,4,17,18,36, 41},,
{1,4,17,21,33, 44},,
{1,4,17,27,29, 38},,
{1,4,17,33,36, 45},,
{1,4,18,21,32, 45},,
{1,4,18,27,30, 38},,
{1,4,18,32,36, 44},,
{1,4,21,29,30, 38},,
{1,4,21,32,33, 41},,
{1,5,12,13,31, 39},,
{1,5,12,15,33, 39},,
{1,5,12,16,28, 42},,
{1,5,12,18,30, 42},,
{1,5,12,28,31, 44},,
{1,5,12,30,33, 46},,
{1,5,13,15,35, 39},,
{1,5,13,16,27, 44},,
{1,5,13,20,30, 44},,
{1,5,13,27,31, 42},,
{1,5,13,30,35, 46},,
{1,5,15,18,27, 46},,
{1,5,15,20,28, 46},,
{1,5,15,27,33, 42},,
{1,5,15,28,35, 44},,
{1,5,16,18,35, 42},,
{1,5,16,20,33, 44},,
{1,5,16,27,28, 39},,
{1,5,16,33,35, 46},,
{1,5,18,20,31, 46},,
{1,5,18,27,30, 39},,
{1,5,18,31,35, 44},,
{1,5,20,28,30, 39},,
{1,5,20,31,33, 42},,
{1,6,12,13,31, 40},,
{1,6,12,14,32, 40},,
{1,6,12,16,28, 43},,
{1,6,12,17,29, 43},,
{1,6,12,28,31, 45},,
{1,6,12,29,32, 46},,
{1,6,13,14,34, 40},,
{1,6,13,16,27, 45},,
{1,6,13,19,29, 45},,
{1,6,13,27,31, 43},,
{1,6,13,29,34, 46},,
{1,6,14,17,27, 46},,
{1,6,14,19,28, 46},,
{1,6,14,27,32, 43},,
{1,6,14,28,34, 45},,
{1,6,16,17,34, 43},,
{1,6,16,19,32, 45},,
{1,6,16,27,28, 40},,
{1,6,16,32,34, 46},,
{1,6,17,19,31, 46},,
{1,6,17,27,29, 40},,
{1,6,17,31,34, 45},,
{1,6,19,28,29, 40},,
{1,6,19,31,32, 43},,
{1,7,16,17,27, 44},,
{1,7,16,18,27, 45},,
{1,7,16,19,28, 42},,
{1,7,16,20,28, 43},,
{1,7,16,29,42, 44},,
{1,7,16,30,43, 45},,
{1,7,17,18,27, 46},,
{1,7,17,19,29, 41},,
{1,7,17,21,29, 43},,
{1,7,17,28,41, 44},,
{1,7,17,30,43, 46},,
{1,7,18,20,30, 41},,
{1,7,18,21,30, 42},,
{1,7,18,28,41, 45},,
{1,7,18,29,42, 46},,
{1,7,19,20,28, 46},,
{1,7,19,21,29, 45},,
{1,7,19,27,41, 42},,
{1,7,19,30,45, 46},,
{1,7,20,21,30, 44},,
{1,7,20,27,41, 43},,
{1,7,20,29,44, 46},,
{1,7,21,27,42, 43},,
{1,7,21,28,44, 45},,
{1,8,13,14,27, 44},,
{1,8,13,15,27, 45},,
{1,8,13,19,31, 39},,
{1,8,13,20,31, 40},,
{1,8,13,32,39, 44},,
{1,8,13,33,40, 45},,
{1,8,14,15,27, 46},,
{1,8,14,19,32, 38},,
{1,8,14,21,32, 40},,
{1,8,14,31,38, 44},,
{1,8,14,33,40, 46},,
{1,8,15,20,33, 38},,
{1,8,15,21,33, 39},,
{1,8,15,31,38, 45},,
{1,8,15,32,39, 46},,
{1,8,19,20,31, 46},,
{1,8,19,21,32, 45},,
{1,8,19,27,38, 39},,
{1,8,19,33,45, 46},,
{1,8,20,21,33, 44},,
{1,8,20,27,38, 40},,
{1,8,20,32,44, 46},,
{1,8,21,27,39, 40},,
{1,8,21,31,44, 45},,
{1,9,12,14,28, 42},,
{1,9,12,15,28, 43},,
{1,9,12,17,31, 39},,
{1,9,12,18,31, 40},,
{1,9,12,34,39, 42},,
{1,9,12,35,40, 43},,
{1,9,14,15,28, 46},,
{1,9,14,17,34, 37},,
{1,9,14,21,34, 40},,
{1,9,14,31,37, 42},,
{1,9,14,35,40, 46},,
{1,9,15,18,35, 37},,
{1,9,15,21,35, 39},,
{1,9,15,31,37, 43},,
{1,9,15,34,39, 46},,
{1,9,17,18,31, 46},,
{1,9,17,21,34, 43},,
{1,9,17,28,37, 39},,
{1,9,17,35,43, 46},,
{1,9,18,21,35, 42},,
{1,9,18,28,37, 40},,
{1,9,18,34,42, 46},,
{1,9,21,28,39, 40},,
{1,9,21,31,42, 43},,
{1,10,12,13,29, 41},,
{1,10,12,15,29, 43},,
{1,10,12,16,32, 38},,
{1,10,12,18,32, 40},,
{1,10,12,34,38, 41},,
{1,10,12,36,40, 43},,
{1,10,13,15,29, 45},,
{1,10,13,16,34, 37},,
{1,10,13,20,34, 40},,
{1,10,13,32,37, 41},,
{1,10,13,36,40, 45},,
{1,10,15,18,36, 37},,
{1,10,15,20,36, 38},,
{1,10,15,32,37, 43},,
{1,10,15,34,38, 45},,
{1,10,16,18,32, 45},,
{1,10,16,20,34, 43},,
{1,10,16,29,37, 38},,
{1,10,16,36,43, 45},,
{1,10,18,20,36, 41},,
{1,10,18,29,37, 40},,
{1,10,18,34,41, 45},,
{1,10,20,29,38, 40},,
{1,10,20,32,41, 43},,
{1,11,12,13,30, 41},,
{1,11,12,14,30, 42},,
{1,11,12,16,33, 38},,
{1,11,12,17,33, 39},,
{1,11,12,35,38, 41},,
{1,11,12,36,39, 42},,
{1,11,13,14,30, 44},,
{1,11,13,16,35, 37},,
{1,11,13,19,35, 39},,
{1,11,13,33,37, 41},,
{1,11,13,36,39, 44},,
{1,11,14,17,36, 37},,
{1,11,14,19,36, 38},,
{1,11,14,33,37, 42},,
{1,11,14,35,38, 44},,
{1,11,16,17,33, 44},,
{1,11,16,19,35, 42},,
{1,11,16,30,37, 38},,
{1,11,16,36,42, 44},,
{1,11,17,19,36, 41},,
{1,11,17,30,37, 39},,
{1,11,17,35,41, 44},,
{1,11,19,30,38, 39},,
{1,11,19,33,41, 42},,
{1,12,13,29,39, 53},,
{1,12,13,30,40, 54},,
{1,12,14,28,38, 53},,
{1,12,14,30,40, 55},,
{1,12,15,28,38, 54},,
{1,12,15,29,39, 55},,
{1,12,16,32,42, 50},,
{1,12,16,33,43, 51},,
{1,12,17,31,41, 50},,
{1,12,17,33,43, 52},,
{1,12,18,31,41, 51},,
{1,12,18,32,42, 52},,
{1,12,22,31,32, 44},,
{1,12,22,31,33, 45},,
{1,12,22,32,33, 46},,
{1,12,22,34,41, 42},,
{1,12,22,35,41, 43},,
{1,12,22,36,42, 43},,
{1,12,23,28,29, 44},,
{1,12,23,28,30, 45},,
{1,12,23,29,30, 46},,
{1,12,23,34,38, 39},,
{1,12,23,35,38, 40},,
{1,12,23,36,39, 40},,
{1,12,27,38,39, 53},,
{1,12,27,38,40, 54},,
{1,12,27,39,40, 55},,
{1,12,27,41,42, 50},,
{1,12,27,41,43, 51},,
{1,12,27,42,43, 52},,
{1,12,28,29,37, 53},,
{1,12,28,30,37, 54},,
{1,12,29,30,37, 55},,
{1,12,31,32,37, 50},,
{1,12,31,33,37, 51},,
{1,12,32,33,37, 52},,
{1,13,14,27,37, 53},,
{1,13,14,30,40, 56},,
{1,13,15,27,37, 54},,
{1,13,15,29,39, 56},,
{1,13,16,34,44, 48},,
{1,13,16,35,45, 49},,
{1,13,19,31,41, 48},,
{1,13,19,35,45, 52},,
{1,13,20,31,41, 49},,
{1,13,20,34,44, 52},,
{1,13,22,31,34, 42},,
{1,13,22,31,35, 43},,
{1,13,22,32,41, 44},,
{1,13,22,33,41, 45},,
{1,13,22,34,35, 46},,
{1,13,22,36,44, 45},,
{1,13,24,27,29, 42},,
{1,13,24,27,30, 43},,
{1,13,24,29,30, 46},,
{1,13,24,32,37, 39},,
{1,13,24,33,37, 40},,
{1,13,24,36,39, 40},,
{1,13,27,29,38, 53},,
{1,13,27,30,38, 54},,
{1,13,28,37,39, 53},,
{1,13,28,37,40, 54},,
{1,13,28,39,40, 56},,
{1,13,28,41,44, 48},,
{1,13,28,41,45, 49},,
{1,13,28,44,45, 52},,
{1,13,29,30,38, 56},,
{1,13,31,34,38, 48},,
{1,13,31,35,38, 49},,
{1,13,34,35,38, 52},,
{1,14,15,27,37, 55},,
{1,14,15,28,38, 56},,
{1,14,17,34,44, 47},,
{1,14,17,36,46, 49},,
{1,14,19,32,42, 47},,
{1,14,19,36,46, 51},,
{1,14,21,32,42, 49},,
{1,14,21,34,44, 51},,
{1,14,22,31,42, 44},,
{1,14,22,32,34, 41},,
{1,14,22,32,36, 43},,
{1,14,22,33,42, 46},,
{1,14,22,34,36, 45},,
{1,14,22,35,44, 46},,
{1,14,25,27,28, 41},,
{1,14,25,27,30, 43},,
{1,14,25,28,30, 45},,
{1,14,25,31,37, 38},,
{1,14,25,33,37, 40},,
{1,14,25,35,38, 40},,
{1,14,27,28,39, 53},,
{1,14,27,30,39, 55},,
{1,14,28,30,39, 56},,
{1,14,29,37,38, 53},,
{1,14,29,37,40, 55},,
{1,14,29,38,40, 56},,
{1,14,29,42,44, 47},,
{1,14,29,42,46, 49},,
{1,14,29,44,46, 51},,
{1,14,32,34,39, 47},,
{1,14,32,36,39, 49},,
{1,14,34,36,39, 51},,
{1,15,18,35,45, 47},,
{1,15,18,36,46, 48},,
{1,15,20,33,43, 47},,
{1,15,20,36,46, 50},,
{1,15,21,33,43, 48},,
{1,15,21,35,45, 50},,
{1,15,22,31,43, 45},,
{1,15,22,32,43, 46},,
{1,15,22,33,35, 41},,
{1,15,22,33,36, 42},,
{1,15,22,34,45, 46},,
{1,15,22,35,36, 44},,
{1,15,26,27,28, 41},,
{1,15,26,27,29, 42},,
{1,15,26,28,29, 44},,
{1,15,26,31,37, 38},,
{1,15,26,32,37, 39},,
{1,15,26,34,38, 39},,
{1,15,27,28,40, 54},,
{1,15,27,29,40, 55},,
{1,15,28,29,40, 56},,
{1,15,30,37,38, 54},,
{1,15,30,37,39, 55},,
{1,15,30,38,39, 56},,
{1,15,30,43,45, 47},,
{1,15,30,43,46, 48},,
{1,15,30,45,46, 50},,
{1,15,33,35,40, 47},,
{1,15,33,36,40, 48},,
{1,15,35,36,40, 50},,
{1,16,17,27,37, 50},,
{1,16,17,33,43, 56},,
{1,16,18,27,37, 51},,
{1,16,18,32,42, 56},,
{1,16,19,28,38, 48},,
{1,16,19,35,45, 55},,
{1,16,20,28,38, 49},,
{1,16,20,34,44, 55},,
{1,16,23,28,34, 39},,
{1,16,23,28,35, 40},,
{1,16,23,29,38, 44},,
{1,16,23,30,38, 45},,
{1,16,23,34,35, 46},,
{1,16,23,36,44, 45},,
{1,16,24,27,32, 39},,
{1,16,24,27,33, 40},,
{1,16,24,29,37, 42},,
{1,16,24,30,37, 43},,
{1,16,24,32,33, 46},,
{1,16,24,36,42, 43},,
{1,16,27,32,41, 50},,
{1,16,27,33,41, 51},,
{1,16,28,34,41, 48},,
{1,16,28,35,41, 49},,
{1,16,31,37,42, 50},,
{1,16,31,37,43, 51},,
{1,16,31,38,44, 48},,
{1,16,31,38,45, 49},,
{1,16,31,42,43, 56},,
{1,16,31,44,45, 55},,
{1,16,32,33,41, 56},,
{1,16,34,35,41, 55},,
{1,17,18,27,37, 52},,
{1,17,18,31,41, 56},,
{1,17,19,29,39, 47},,
{1,17,19,36,46, 54},,
{1,17,21,29,39, 49},,
{1,17,21,34,44, 54},,
{1,17,23,28,39, 44},,
{1,17,23,29,34, 38},,
{1,17,23,29,36, 40},,
{1,17,23,30,39, 46},,
{1,17,23,34,36, 45},,
{1,17,23,35,44, 46},,
{1,17,25,27,31, 38},,
{1,17,25,27,33, 40},,
{1,17,25,28,37, 41},,
{1,17,25,30,37, 43},,
{1,17,25,31,33, 45},,
{1,17,25,35,41, 43},,
{1,17,27,31,42, 50},,
{1,17,27,33,42, 52},,
{1,17,29,34,42, 47},,
{1,17,29,36,42, 49},,
{1,17,31,33,42, 56},,
{1,17,32,37,41, 50},,
{1,17,32,37,43, 52},,
{1,17,32,39,44, 47},,
{1,17,32,39,46, 49},,
{1,17,32,41,43, 56},,
{1,17,32,44,46, 54},,
{1,17,34,36,42, 54},,
{1,18,20,30,40, 47},,
{1,18,20,36,46, 53},,
{1,18,21,30,40, 48},,
{1,18,21,35,45, 53},,
{1,18,23,28,40, 45},,
{1,18,23,29,40, 46},,
{1,18,23,30,35, 38},,
{1,18,23,30,36, 39},,
{1,18,23,34,45, 46},,
{1,18,23,35,36, 44},,
{1,18,26,27,31, 38},,
{1,18,26,27,32, 39},,
{1,18,26,28,37, 41},,
{1,18,26,29,37, 42},,
{1,18,26,31,32, 44},,
{1,18,26,34,41, 42},,
{1,18,27,31,43, 51},,
{1,18,27,32,43, 52},,
{1,18,30,35,43, 47},,
{1,18,30,36,43, 48},,
{1,18,31,32,43, 56},,
{1,18,33,37,41, 51},,
{1,18,33,37,42, 52},,
{1,18,33,40,45, 47},,
{1,18,33,40,46, 48},,
{1,18,33,41,42, 56},,
{1,18,33,45,46, 53},,
{1,18,35,36,43, 53},,
{1,19,20,28,38, 52},,
{1,19,20,31,41, 55},,
{1,19,21,29,39, 51},,
{1,19,21,32,42, 54},,
{1,19,24,27,39, 42},,
{1,19,24,29,32, 37},,
{1,19,24,29,36, 40},,
{1,19,24,30,39, 46},,
{1,19,24,32,36, 43},,
{1,19,24,33,42, 46},,
{1,19,25,27,38, 41},,
{1,19,25,28,31, 37},,
{1,19,25,28,35, 40},,
{1,19,25,30,38, 45},,
{1,19,25,31,35, 43},,
{1,19,25,33,41, 45},,
{1,19,28,31,44, 48},,
{1,19,28,35,44, 52},,
{1,19,29,32,44, 47},,
{1,19,29,36,44, 51},,
{1,19,31,35,44, 55},,
{1,19,32,36,44, 54},,
{1,19,34,38,41, 48},,
{1,19,34,38,45, 52},,
{1,19,34,39,42, 47},,
{1,19,34,39,46, 51},,
{1,19,34,41,45, 55},,
{1,19,34,42,46, 54},,
{1,20,21,30,40, 50},,
{1,20,21,33,43, 53},,
{1,20,24,27,40, 43},,
{1,20,24,29,40, 46},,
{1,20,24,30,33, 37},,
{1,20,24,30,36, 39},,
{1,20,24,32,43, 46},,
{1,20,24,33,36, 42},,
{1,20,26,27,38, 41},,
{1,20,26,28,31, 37},,
{1,20,26,28,34, 39},,
{1,20,26,29,38, 44},,
{1,20,26,31,34, 42},,
{1,20,26,32,41, 44},,
{1,20,28,31,45, 49},,
{1,20,28,34,45, 52},,
{1,20,30,33,45, 47},,
{1,20,30,36,45, 50},,
{1,20,31,34,45, 55},,
{1,20,33,36,45, 53},,
{1,20,35,38,41, 49},,
{1,20,35,38,44, 52},,
{1,20,35,40,43, 47},,
{1,20,35,40,46, 50},,
{1,20,35,41,44, 55},,
{1,20,35,43,46, 53},,
{1,21,25,27,40, 43},,
{1,21,25,28,40, 45},,
{1,21,25,30,33, 37},,
{1,21,25,30,35, 38},,
{1,21,25,31,43, 45},,
{1,21,25,33,35, 41},,
{1,21,26,27,39, 42},,
{1,21,26,28,39, 44},,
{1,21,26,29,32, 37},,
{1,21,26,29,34, 38},,
{1,21,26,31,42, 44},,
{1,21,26,32,34, 41},,
{1,21,29,32,46, 49},,
{1,21,29,34,46, 51},,
{1,21,30,33,46, 48},,
{1,21,30,35,46, 50},,
{1,21,32,34,46, 54},,
{1,21,33,35,46, 53},,
{1,21,36,39,42, 49},,
{1,21,36,39,44, 51},,
{1,21,36,40,43, 48},,
{1,21,36,40,45, 50},,
{1,21,36,42,44, 54},,
{1,21,36,43,45, 53},,
{2,3,9,10,34, 37},,
{2,3,9,11,35, 37},,
{2,3,9,19,25, 47},,
{2,3,9,20,26, 47},,
{2,3,9,25,34, 48},,
{2,3,9,26,35, 49},,
{2,3,10,11,36, 37},,
{2,3,10,19,24, 48},,
{2,3,10,21,26, 48},,
{2,3,10,24,34, 47},,
{2,3,10,26,36, 49},,
{2,3,11,20,24, 49},,
{2,3,11,21,25, 49},,
{2,3,11,24,35, 47},,
{2,3,11,25,36, 48},,
{2,3,19,20,36, 47},,
{2,3,19,21,35, 48},,
{2,3,19,24,25, 37},,
{2,3,19,35,36, 49},,
{2,3,20,21,34, 49},,
{2,3,20,24,26, 37},,
{2,3,20,34,36, 48},,
{2,3,21,25,26, 37},,
{2,3,21,34,35, 47},,
{2,4,8,10,32, 38},,
{2,4,8,11,33, 38},,
{2,4,8,17,25, 47},,
{2,4,8,18,26, 47},,
{2,4,8,25,32, 50},,
{2,4,8,26,33, 51},,
{2,4,10,11,36, 38},,
{2,4,10,17,23, 50},,
{2,4,10,21,26, 50},,
{2,4,10,23,32, 47},,
{2,4,10,26,36, 51},,
{2,4,11,18,23, 51},,
{2,4,11,21,25, 51},,
{2,4,11,23,33, 47},,
{2,4,11,25,36, 50},,
{2,4,17,18,36, 47},,
{2,4,17,21,33, 50},,
{2,4,17,23,25, 38},,
{2,4,17,33,36, 51},,
{2,4,18,21,32, 51},,
{2,4,18,23,26, 38},,
{2,4,18,32,36, 50},,
{2,4,21,25,26, 38},,
{2,4,21,32,33, 47},,
{2,5,8,9,31, 39},,
{2,5,8,11,33, 39},,
{2,5,8,16,24, 48},,
{2,5,8,18,26, 48},,
{2,5,8,24,31, 50},,
{2,5,8,26,33, 52},,
{2,5,9,11,35, 39},,
{2,5,9,16,23, 50},,
{2,5,9,20,26, 50},,
{2,5,9,23,31, 48},,
{2,5,9,26,35, 52},,
{2,5,11,18,23, 52},,
{2,5,11,20,24, 52},,
{2,5,11,23,33, 48},,
{2,5,11,24,35, 50},,
{2,5,16,18,35, 48},,
{2,5,16,20,33, 50},,
{2,5,16,23,24, 39},,
{2,5,16,33,35, 52},,
{2,5,18,20,31, 52},,
{2,5,18,23,26, 39},,
{2,5,18,31,35, 50},,
{2,5,20,24,26, 39},,
{2,5,20,31,33, 48},,
{2,6,8,9,31, 40},,
{2,6,8,10,32, 40},,
{2,6,8,16,24, 49},,
{2,6,8,17,25, 49},,
{2,6,8,24,31, 51},,
{2,6,8,25,32, 52},,
{2,6,9,10,34, 40},,
{2,6,9,16,23, 51},,
{2,6,9,19,25, 51},,
{2,6,9,23,31, 49},,
{2,6,9,25,34, 52},,
{2,6,10,17,23, 52},,
{2,6,10,19,24, 52},,
{2,6,10,23,32, 49},,
{2,6,10,24,34, 51},,
{2,6,16,17,34, 49},,
{2,6,16,19,32, 51},,
{2,6,16,23,24, 40},,
{2,6,16,32,34, 52},,
{2,6,17,19,31, 52},,
{2,6,17,23,25, 40},,
{2,6,17,31,34, 51},,
{2,6,19,24,25, 40},,
{2,6,19,31,32, 49},,
{2,7,16,17,23, 50},,
{2,7,16,18,23, 51},,
{2,7,16,19,24, 48},,
{2,7,16,20,24, 49},,
{2,7,16,25,48, 50},,
{2,7,16,26,49, 51},,
{2,7,17,18,23, 52},,
{2,7,17,19,25, 47},,
{2,7,17,21,25, 49},,
{2,7,17,24,47, 50},,
{2,7,17,26,49, 52},,
{2,7,18,20,26, 47},,
{2,7,18,21,26, 48},,
{2,7,18,24,47, 51},,
{2,7,18,25,48, 52},,
{2,7,19,20,24, 52},,
{2,7,19,21,25, 51},,
{2,7,19,23,47, 48},,
{2,7,19,26,51, 52},,
{2,7,20,21,26, 50},,
{2,7,20,23,47, 49},,
{2,7,20,25,50, 52},,
{2,7,21,23,48, 49},,
{2,7,21,24,50, 51},,
{2,8,9,14,25, 47},,
{2,8,9,15,26, 47},,
{2,8,9,25,39, 53},,
{2,8,9,26,40, 54},,
{2,8,10,13,24, 48},,
{2,8,10,15,26, 48},,
{2,8,10,24,38, 53},,
{2,8,10,26,40, 55},,
{2,8,11,13,24, 49},,
{2,8,11,14,25, 49},,
{2,8,11,24,38, 54},,
{2,8,11,25,39, 55},,
{2,8,13,17,31, 39},,
{2,8,13,18,31, 40},,
{2,8,13,34,39, 48},,
{2,8,13,35,40, 49},,
{2,8,14,16,32, 38},,
{2,8,14,18,32, 40},,
{2,8,14,34,38, 47},,
{2,8,14,36,40, 49},,
{2,8,15,16,33, 38},,
{2,8,15,17,33, 39},,
{2,8,15,35,38, 47},,
{2,8,15,36,39, 48},,
{2,8,16,32,44, 48},,
{2,8,16,33,45, 49},,
{2,8,17,31,44, 47},,
{2,8,17,33,46, 49},,
{2,8,18,31,45, 47},,
{2,8,18,32,46, 48},,
{2,8,22,31,32, 50},,
{2,8,22,31,33, 51},,
{2,8,22,32,33, 52},,
{2,8,22,34,47, 48},,
{2,8,22,35,47, 49},,
{2,8,22,36,48, 49},,
{2,8,23,38,39, 53},,
{2,8,23,38,40, 54},,
{2,8,23,39,40, 55},,
{2,8,23,44,47, 48},,
{2,8,23,45,47, 49},,
{2,8,23,46,48, 49},,
{2,8,24,25,27, 50},,
{2,8,24,25,37, 53},,
{2,8,24,26,27, 51},,
{2,8,24,26,37, 54},,
{2,8,25,26,27, 52},,
{2,8,25,26,37, 55},,
{2,8,27,34,38, 39},,
{2,8,27,35,38, 40},,
{2,8,27,36,39, 40},,
{2,8,31,32,37, 44},,
{2,8,31,33,37, 45},,
{2,8,32,33,37, 46},,
{2,9,10,12,23, 50},,
{2,9,10,15,26, 50},,
{2,9,10,23,37, 53},,
{2,9,10,26,40, 56},,
{2,9,11,12,23, 51},,
{2,9,11,14,25, 51},,
{2,9,11,23,37, 54},,
{2,9,11,25,39, 56},,
{2,9,12,19,31, 39},,
{2,9,12,20,31, 40},,
{2,9,12,32,39, 50},,
{2,9,12,33,40, 51},,
{2,9,14,16,34, 37},,
{2,9,14,20,34, 40},,
{2,9,14,32,37, 47},,
{2,9,14,36,40, 51},,
{2,9,15,16,35, 37},,
{2,9,15,19,35, 39},,
{2,9,15,33,37, 47},,
{2,9,15,36,39, 50},,
{2,9,16,34,42, 50},,
{2,9,16,35,43, 51},,
{2,9,19,31,42, 47},,
{2,9,19,35,46, 51},,
{2,9,20,31,43, 47},,
{2,9,20,34,46, 50},,
{2,9,22,31,34, 48},,
{2,9,22,31,35, 49},,
{2,9,22,32,47, 50},,
{2,9,22,33,47, 51},,
{2,9,22,34,35, 52},,
{2,9,22,36,50, 51},,
{2,9,23,25,28, 48},,
{2,9,23,25,38, 53},,
{2,9,23,26,28, 49},,
{2,9,23,26,38, 54},,
{2,9,24,37,39, 53},,
{2,9,24,37,40, 54},,
{2,9,24,39,40, 56},,
{2,9,24,42,47, 50},,
{2,9,24,43,47, 51},,
{2,9,24,46,50, 51},,
{2,9,25,26,28, 52},,
{2,9,25,26,38, 56},,
{2,9,28,32,37, 39},,
{2,9,28,33,37, 40},,
{2,9,28,36,39, 40},,
{2,9,31,34,38, 42},,
{2,9,31,35,38, 43},,
{2,9,34,35,38, 46},,
{2,10,11,12,23, 52},,
{2,10,11,13,24, 52},,
{2,10,11,23,37, 55},,
{2,10,11,24,38, 56},,
{2,10,12,19,32, 38},,
{2,10,12,21,32, 40},,
{2,10,12,31,38, 50},,
{2,10,12,33,40, 52},,
{2,10,13,17,34, 37},,
{2,10,13,21,34, 40},,
{2,10,13,31,37, 48},,
{2,10,13,35,40, 52},,
{2,10,15,17,36, 37},,
{2,10,15,19,36, 38},,
{2,10,15,33,37, 48},,
{2,10,15,35,38, 50},,
{2,10,17,34,41, 50},,
{2,10,17,36,43, 52},,
{2,10,19,32,41, 48},,
{2,10,19,36,45, 52},,
{2,10,21,32,43, 48},,
{2,10,21,34,45, 50},,
{2,10,22,31,48, 50},,
{2,10,22,32,34, 47},,
{2,10,22,32,36, 49},,
{2,10,22,33,48, 52},,
{2,10,22,34,36, 51},,
{2,10,22,35,50, 52},,
{2,10,23,24,29, 47},,
{2,10,23,24,39, 53},,
{2,10,23,26,29, 49},,
{2,10,23,26,39, 55},,
{2,10,24,26,29, 51},,
{2,10,24,26,39, 56},,
{2,10,25,37,38, 53},,
{2,10,25,37,40, 55},,
{2,10,25,38,40, 56},,
{2,10,25,41,48, 50},,
{2,10,25,43,48, 52},,
{2,10,25,45,50, 52},,
{2,10,29,31,37, 38},,
{2,10,29,33,37, 40},,
{2,10,29,35,38, 40},,
{2,10,32,34,39, 41},,
{2,10,32,36,39, 43},,
{2,10,34,36,39, 45},,
{2,11,12,20,33, 38},,
{2,11,12,21,33, 39},,
{2,11,12,31,38, 51},,
{2,11,12,32,39, 52},,
{2,11,13,18,35, 37},,
{2,11,13,21,35, 39},,
{2,11,13,31,37, 49},,
{2,11,13,34,39, 52},,
{2,11,14,18,36, 37},,
{2,11,14,20,36, 38},,
{2,11,14,32,37, 49},,
{2,11,14,34,38, 51},,
{2,11,18,35,41, 51},,
{2,11,18,36,42, 52},,
{2,11,20,33,41, 49},,
{2,11,20,36,44, 52},,
{2,11,21,33,42, 49},,
{2,11,21,35,44, 51},,
{2,11,22,31,49, 51},,
{2,11,22,32,49, 52},,
{2,11,22,33,35, 47},,
{2,11,22,33,36, 48},,
{2,11,22,34,51, 52},,
{2,11,22,35,36, 50},,
{2,11,23,24,30, 47},,
{2,11,23,24,40, 54},,
{2,11,23,25,30, 48},,
{2,11,23,25,40, 55},,
{2,11,24,25,30, 50},,
{2,11,24,25,40, 56},,
{2,11,26,37,38, 54},,
{2,11,26,37,39, 55},,
{2,11,26,38,39, 56},,
{2,11,26,41,49, 51},,
{2,11,26,42,49, 52},,
{2,11,26,44,51, 52},,
{2,11,30,31,37, 38},,
{2,11,30,32,37, 39},,
{2,11,30,34,38, 39},,
{2,11,33,35,40, 41},,
{2,11,33,36,40, 42},,
{2,11,35,36,40, 44},,
{2,12,19,20,31, 52},,
{2,12,19,21,32, 51},,
{2,12,19,23,38, 39},,
{2,12,19,33,51, 52},,
{2,12,20,21,33, 50},,
{2,12,20,23,38, 40},,
{2,12,20,32,50, 52},,
{2,12,21,23,39, 40},,
{2,12,21,31,50, 51},,
{2,13,17,18,31, 52},,
{2,13,17,21,34, 49},,
{2,13,17,24,37, 39},,
{2,13,17,35,49, 52},,
{2,13,18,21,35, 48},,
{2,13,18,24,37, 40},,
{2,13,18,34,48, 52},,
{2,13,21,24,39, 40},,
{2,13,21,31,48, 49},,
{2,14,16,18,32, 51},,
{2,14,16,20,34, 49},,
{2,14,16,25,37, 38},,
{2,14,16,36,49, 51},,
{2,14,18,20,36, 47},,
{2,14,18,25,37, 40},,
{2,14,18,34,47, 51},,
{2,14,20,25,38, 40},,
{2,14,20,32,47, 49},,
{2,15,16,17,33, 50},,
{2,15,16,19,35, 48},,
{2,15,16,26,37, 38},,
{2,15,16,36,48, 50},,
{2,15,17,19,36, 47},,
{2,15,17,26,37, 39},,
{2,15,17,35,47, 50},,
{2,15,19,26,38, 39},,
{2,15,19,33,47, 48},,
{2,16,17,23,37, 44},,
{2,16,17,33,49, 56},,
{2,16,18,23,37, 45},,
{2,16,18,32,48, 56},,
{2,16,19,24,38, 42},,
{2,16,19,35,51, 55},,
{2,16,20,24,38, 43},,
{2,16,20,34,50, 55},,
{2,16,23,28,32, 39},,
{2,16,23,28,33, 40},,
{2,16,23,32,44, 47},,
{2,16,23,33,45, 47},,
{2,16,24,27,34, 39},,
{2,16,24,27,35, 40},,
{2,16,24,34,42, 47},,
{2,16,24,35,43, 47},,
{2,16,25,27,38, 50},,
{2,16,25,28,37, 48},,
{2,16,26,27,38, 51},,
{2,16,26,28,37, 49},,
{2,16,27,34,35, 52},,
{2,16,27,36,50, 51},,
{2,16,28,32,33, 52},,
{2,16,28,36,48, 49},,
{2,16,31,37,44, 48},,
{2,16,31,37,45, 49},,
{2,16,31,38,42, 50},,
{2,16,31,38,43, 51},,
{2,16,31,48,49, 56},,
{2,16,31,50,51, 55},,
{2,16,32,33,47, 56},,
{2,16,34,35,47, 55},,
{2,17,18,23,37, 46},,
{2,17,18,31,47, 56},,
{2,17,19,25,39, 41},,
{2,17,19,36,52, 54},,
{2,17,21,25,39, 43},,
{2,17,21,34,50, 54},,
{2,17,23,29,31, 38},,
{2,17,23,29,33, 40},,
{2,17,23,31,44, 48},,
{2,17,23,33,46, 48},,
{2,17,24,27,39, 50},,
{2,17,24,29,37, 47},,
{2,17,25,27,34, 38},,
{2,17,25,27,36, 40},,
{2,17,25,34,41, 48},,
{2,17,25,36,43, 48},,
{2,17,26,27,39, 52},,
{2,17,26,29,37, 49},,
{2,17,27,34,36, 51},,
{2,17,27,35,50, 52},,
{2,17,29,31,33, 51},,
{2,17,29,35,47, 49},,
{2,17,31,33,48, 56},,
{2,17,32,37,44, 47},,
{2,17,32,37,46, 49},,
{2,17,32,39,41, 50},,
{2,17,32,39,43, 52},,
{2,17,32,47,49, 56},,
{2,17,32,50,52, 54},,
{2,17,34,36,48, 54},,
{2,18,20,26,40, 41},,
{2,18,20,36,52, 53},,
{2,18,21,26,40, 42},,
{2,18,21,35,51, 53},,
{2,18,23,30,31, 38},,
{2,18,23,30,32, 39},,
{2,18,23,31,45, 49},,
{2,18,23,32,46, 49},,
{2,18,24,27,40, 51},,
{2,18,24,30,37, 47},,
{2,18,25,27,40, 52},,
{2,18,25,30,37, 48},,
{2,18,26,27,35, 38},,
{2,18,26,27,36, 39},,
{2,18,26,35,41, 49},,
{2,18,26,36,42, 49},,
{2,18,27,34,51, 52},,
{2,18,27,35,36, 50},,
{2,18,30,31,32, 50},,
{2,18,30,34,47, 48},,
{2,18,31,32,49, 56},,
{2,18,33,37,45, 47},,
{2,18,33,37,46, 48},,
{2,18,33,40,41, 51},,
{2,18,33,40,42, 52},,
{2,18,33,47,48, 56},,
{2,18,33,51,52, 53},,
{2,18,35,36,49, 53},,
{2,19,20,24,38, 46},,
{2,19,20,31,47, 55},,
{2,19,21,25,39, 45},,
{2,19,21,32,48, 54},,
{2,19,23,28,39, 48},,
{2,19,23,29,38, 47},,
{2,19,24,29,31, 37},,
{2,19,24,29,35, 40},,
{2,19,24,31,42, 50},,
{2,19,24,35,46, 50},,
{2,19,25,28,32, 37},,
{2,19,25,28,36, 40},,
{2,19,25,32,41, 50},,
{2,19,25,36,45, 50},,
{2,19,26,28,39, 52},,
{2,19,26,29,38, 51},,
{2,19,28,32,36, 49},,
{2,19,28,33,48, 52},,
{2,19,29,31,35, 49},,
{2,19,29,33,47, 51},,
{2,19,31,35,50, 55},,
{2,19,32,36,50, 54},,
{2,19,34,38,42, 47},,
{2,19,34,38,46, 51},,
{2,19,34,39,41, 48},,
{2,19,34,39,45, 52},,
{2,19,34,47,51, 55},,
{2,19,34,48,52, 54},,
{2,20,21,26,40, 44},,
{2,20,21,33,49, 53},,
{2,20,23,28,40, 49},,
{2,20,23,30,38, 47},,
{2,20,24,30,31, 37},,
{2,20,24,30,34, 39},,
{2,20,24,31,43, 51},,
{2,20,24,34,46, 51},,
{2,20,25,28,40, 52},,
{2,20,25,30,38, 50},,
{2,20,26,28,33, 37},,
{2,20,26,28,36, 39},,
{2,20,26,33,41, 51},,
{2,20,26,36,44, 51},,
{2,20,28,32,49, 52},,
{2,20,28,33,36, 48},,
{2,20,30,31,34, 48},,
{2,20,30,32,47, 50},,
{2,20,31,34,51, 55},,
{2,20,33,36,51, 53},,
{2,20,35,38,43, 47},,
{2,20,35,38,46, 50},,
{2,20,35,40,41, 49},,
{2,20,35,40,44, 52},,
{2,20,35,47,50, 55},,
{2,20,35,49,52, 53},,
{2,21,23,29,40, 49},,
{2,21,23,30,39, 48},,
{2,21,24,29,40, 51},,
{2,21,24,30,39, 50},,
{2,21,25,30,32, 37},,
{2,21,25,30,34, 38},,
{2,21,25,32,43, 52},,
{2,21,25,34,45, 52},,
{2,21,26,29,33, 37},,
{2,21,26,29,35, 38},,
{2,21,26,33,42, 52},,
{2,21,26,35,44, 52},,
{2,21,29,31,49, 51},,
{2,21,29,33,35, 47},,
{2,21,30,31,48, 50},,
{2,21,30,32,34, 47},,
{2,21,32,34,52, 54},,
{2,21,33,35,52, 53},,
{2,21,36,39,43, 48},,
{2,21,36,39,45, 50},,
{2,21,36,40,42, 49},,
{2,21,36,40,44, 51},,
{2,21,36,48,50, 54},,
{2,21,36,49,51, 53},,
{3,4,7,10,29, 41},,
{3,4,7,11,30, 41},,
{3,4,7,14,25, 47},,
{3,4,7,15,26, 47},,
{3,4,7,25,29, 53},,
{3,4,7,26,30, 54},,
{3,4,10,11,36, 41},,
{3,4,10,14,22, 53},,
{3,4,10,21,26, 53},,
{3,4,10,22,29, 47},,
{3,4,10,26,36, 54},,
{3,4,11,15,22, 54},,
{3,4,11,21,25, 54},,
{3,4,11,22,30, 47},,
{3,4,11,25,36, 53},,
{3,4,14,15,36, 47},,
{3,4,14,21,30, 53},,
{3,4,14,22,25, 41},,
{3,4,14,30,36, 54},,
{3,4,15,21,29, 54},,
{3,4,15,22,26, 41},,
{3,4,15,29,36, 53},,
{3,4,21,25,26, 41},,
{3,4,21,29,30, 47},,
{3,5,7,9,28, 42},,
{3,5,7,11,30, 42},,
{3,5,7,13,24, 48},,
{3,5,7,15,26, 48},,
{3,5,7,24,28, 53},,
{3,5,7,26,30, 55},,
{3,5,9,11,35, 42},,
{3,5,9,13,22, 53},,
{3,5,9,20,26, 53},,
{3,5,9,22,28, 48},,
{3,5,9,26,35, 55},,
{3,5,11,15,22, 55},,
{3,5,11,20,24, 55},,
{3,5,11,22,30, 48},,
{3,5,11,24,35, 53},,
{3,5,13,15,35, 48},,
{3,5,13,20,30, 53},,
{3,5,13,22,24, 42},,
{3,5,13,30,35, 55},,
{3,5,15,20,28, 55},,
{3,5,15,22,26, 42},,
{3,5,15,28,35, 53},,
{3,5,20,24,26, 42},,
{3,5,20,28,30, 48},,
{3,6,7,9,28, 43},,
{3,6,7,10,29, 43},,
{3,6,7,13,24, 49},,
{3,6,7,14,25, 49},,
{3,6,7,24,28, 54},,
{3,6,7,25,29, 55},,
{3,6,9,10,34, 43},,
{3,6,9,13,22, 54},,
{3,6,9,19,25, 54},,
{3,6,9,22,28, 49},,
{3,6,9,25,34, 55},,
{3,6,10,14,22, 55},,
{3,6,10,19,24, 55},,
{3,6,10,22,29, 49},,
{3,6,10,24,34, 54},,
{3,6,13,14,34, 49},,
{3,6,13,19,29, 54},,
{3,6,13,22,24, 43},,
{3,6,13,29,34, 55},,
{3,6,14,19,28, 55},,
{3,6,14,22,25, 43},,
{3,6,14,28,34, 54},,
{3,6,19,24,25, 43},,
{3,6,19,28,29, 49},,
{3,7,9,17,25, 47},,
{3,7,9,18,26, 47},,
{3,7,9,25,42, 50},,
{3,7,9,26,43, 51},,
{3,7,10,16,24, 48},,
{3,7,10,18,26, 48},,
{3,7,10,24,41, 50},,
{3,7,10,26,43, 52},,
{3,7,11,16,24, 49},,
{3,7,11,17,25, 49},,
{3,7,11,24,41, 51},,
{3,7,11,25,42, 52},,
{3,7,13,17,29, 41},,
{3,7,13,18,30, 41},,
{3,7,13,29,44, 48},,
{3,7,13,30,45, 49},,
{3,7,14,16,28, 42},,
{3,7,14,18,30, 42},,
{3,7,14,28,44, 47},,
{3,7,14,30,46, 49},,
{3,7,15,16,28, 43},,
{3,7,15,17,29, 43},,
{3,7,15,28,45, 47},,
{3,7,15,29,46, 48},,
{3,7,16,34,42, 48},,
{3,7,16,35,43, 49},,
{3,7,17,34,41, 47},,
{3,7,17,36,43, 49},,
{3,7,18,35,41, 47},,
{3,7,18,36,42, 48},,
{3,7,22,41,42, 50},,
{3,7,22,41,43, 51},,
{3,7,22,42,43, 52},,
{3,7,22,44,47, 48},,
{3,7,22,45,47, 49},,
{3,7,22,46,48, 49},,
{3,7,23,28,29, 53},,
{3,7,23,28,30, 54},,
{3,7,23,29,30, 55},,
{3,7,23,34,47, 48},,
{3,7,23,35,47, 49},,
{3,7,23,36,48, 49},,
{3,7,24,25,27, 53},,
{3,7,24,25,37, 50},,
{3,7,24,26,27, 54},,
{3,7,24,26,37, 51},,
{3,7,25,26,27, 55},,
{3,7,25,26,37, 52},,
{3,7,27,34,41, 42},,
{3,7,27,35,41, 43},,
{3,7,27,36,42, 43},,
{3,7,28,29,37, 44},,
{3,7,28,30,37, 45},,
{3,7,29,30,37, 46},,
{3,8,13,14,22, 53},,
{3,8,13,15,22, 54},,
{3,8,13,19,24, 48},,
{3,8,13,20,24, 49},,
{3,8,13,25,48, 53},,
{3,8,13,26,49, 54},,
{3,8,14,15,22, 55},,
{3,8,14,19,25, 47},,
{3,8,14,21,25, 49},,
{3,8,14,24,47, 53},,
{3,8,14,26,49, 55},,
{3,8,15,20,26, 47},,
{3,8,15,21,26, 48},,
{3,8,15,24,47, 54},,
{3,8,15,25,48, 55},,
{3,8,19,20,24, 55},,
{3,8,19,21,25, 54},,
{3,8,19,22,47, 48},,
{3,8,19,26,54, 55},,
{3,8,20,21,26, 53},,
{3,8,20,22,47, 49},,
{3,8,20,25,53, 55},,
{3,8,21,22,48, 49},,
{3,8,21,24,53, 54},,
{3,9,10,12,22, 53},,
{3,9,10,18,26, 53},,
{3,9,10,22,37, 50},,
{3,9,10,26,43, 56},,
{3,9,11,12,22, 54},,
{3,9,11,17,25, 54},,
{3,9,11,22,37, 51},,
{3,9,11,25,42, 56},,
{3,9,12,19,28, 42},,
{3,9,12,20,28, 43},,
{3,9,12,29,42, 53},,
{3,9,12,30,43, 54},,
{3,9,13,17,34, 37},,
{3,9,13,18,35, 37},,
{3,9,13,34,39, 53},,
{3,9,13,35,40, 54},,
{3,9,17,20,34, 43},,
{3,9,17,29,37, 47},,
{3,9,17,36,43, 54},,
{3,9,18,19,35, 42},,
{3,9,18,30,37, 47},,
{3,9,18,36,42, 53},,
{3,9,19,28,39, 47},,
{3,9,19,35,46, 54},,
{3,9,20,28,40, 47},,
{3,9,20,34,46, 53},,
{3,9,22,25,31, 48},,
{3,9,22,25,41, 50},,
{3,9,22,26,31, 49},,
{3,9,22,26,41, 51},,
{3,9,23,28,34, 48},,
{3,9,23,28,35, 49},,
{3,9,23,29,47, 53},,
{3,9,23,30,47, 54},,
{3,9,23,34,35, 55},,
{3,9,23,36,53, 54},,
{3,9,24,37,42, 50},,
{3,9,24,37,43, 51},,
{3,9,24,39,47, 53},,
{3,9,24,40,47, 54},,
{3,9,24,42,43, 56},,
{3,9,24,46,53, 54},,
{3,9,25,26,31, 55},,
{3,9,25,26,41, 56},,
{3,9,28,34,39, 41},,
{3,9,28,35,40, 41},,
{3,9,29,31,37, 42},,
{3,9,30,31,37, 43},,
{3,9,31,36,42, 43},,
{3,9,34,35,41, 46},,
{3,10,11,12,22, 55},,
{3,10,11,16,24, 55},,
{3,10,11,22,37, 52},,
{3,10,11,24,41, 56},,
{3,10,12,19,29, 41},,
{3,10,12,21,29, 43},,
{3,10,12,28,41, 53},,
{3,10,12,30,43, 55},,
{3,10,14,16,34, 37},,
{3,10,14,18,36, 37},,
{3,10,14,34,38, 53},,
{3,10,14,36,40, 55},,
{3,10,16,21,34, 43},,
{3,10,16,28,37, 48},,
{3,10,16,35,43, 55},,
{3,10,18,19,36, 41},,
{3,10,18,30,37, 48},,
{3,10,18,35,41, 53},,
{3,10,19,29,38, 48},,
{3,10,19,36,45, 55},,
{3,10,21,29,40, 48},,
{3,10,21,34,45, 53},,
{3,10,22,24,32, 47},,
{3,10,22,24,42, 50},,
{3,10,22,26,32, 49},,
{3,10,22,26,42, 52},,
{3,10,23,28,48, 53},,
{3,10,23,29,34, 47},,
{3,10,23,29,36, 49},,
{3,10,23,30,48, 55},,
{3,10,23,34,36, 54},,
{3,10,23,35,53, 55},,
{3,10,24,26,32, 54},,
{3,10,24,26,42, 56},,
{3,10,25,37,41, 50},,
{3,10,25,37,43, 52},,
{3,10,25,38,48, 53},,
{3,10,25,40,48, 55},,
{3,10,25,41,43, 56},,
{3,10,25,45,53, 55},,
{3,10,28,32,37, 41},,
{3,10,29,34,38, 42},,
{3,10,29,36,40, 42},,
{3,10,30,32,37, 43},,
{3,10,32,35,41, 43},,
{3,10,34,36,42, 45},,
{3,11,12,20,30, 41},,
{3,11,12,21,30, 42},,
{3,11,12,28,41, 54},,
{3,11,12,29,42, 55},,
{3,11,15,16,35, 37},,
{3,11,15,17,36, 37},,
{3,11,15,35,38, 54},,
{3,11,15,36,39, 55},,
{3,11,16,21,35, 42},,
{3,11,16,28,37, 49},,
{3,11,16,34,42, 55},,
{3,11,17,20,36, 41},,
{3,11,17,29,37, 49},,
{3,11,17,34,41, 54},,
{3,11,20,30,38, 49},,
{3,11,20,36,44, 55},,
{3,11,21,30,39, 49},,
{3,11,21,35,44, 54},,
{3,11,22,24,33, 47},,
{3,11,22,24,43, 51},,
{3,11,22,25,33, 48},,
{3,11,22,25,43, 52},,
{3,11,23,28,49, 54},,
{3,11,23,29,49, 55},,
{3,11,23,30,35, 47},,
{3,11,23,30,36, 48},,
{3,11,23,34,54, 55},,
{3,11,23,35,36, 53},,
{3,11,24,25,33, 53},,
{3,11,24,25,43, 56},,
{3,11,26,37,41, 51},,
{3,11,26,37,42, 52},,
{3,11,26,38,49, 54},,
{3,11,26,39,49, 55},,
{3,11,26,41,42, 56},,
{3,11,26,44,54, 55},,
{3,11,28,33,37, 41},,
{3,11,29,33,37, 42},,
{3,11,30,35,38, 43},,
{3,11,30,36,39, 43},,
{3,11,33,34,41, 42},,
{3,11,35,36,43, 44},,
{3,12,19,20,28, 55},,
{3,12,19,21,29, 54},,
{3,12,19,22,41, 42},,
{3,12,19,30,54, 55},,
{3,12,20,21,30, 53},,
{3,12,20,22,41, 43},,
{3,12,20,29,53, 55},,
{3,12,21,22,42, 43},,
{3,12,21,28,53, 54},,
{3,13,14,18,30, 53},,
{3,13,14,22,37, 44},,
{3,13,14,30,49, 56},,
{3,13,15,17,29, 54},,
{3,13,15,22,37, 45},,
{3,13,15,29,48, 56},,
{3,13,17,20,34, 49},,
{3,13,17,25,37, 41},,
{3,13,17,36,49, 54},,
{3,13,18,19,35, 48},,
{3,13,18,26,37, 41},,
{3,13,18,36,48, 53},,
{3,13,19,24,39, 41},,
{3,13,19,35,52, 54},,
{3,13,20,24,40, 41},,
{3,13,20,34,52, 53},,
{3,13,22,29,31, 42},,
{3,13,22,29,44, 47},,
{3,13,22,30,31, 43},,
{3,13,22,30,45, 47},,
{3,13,24,27,34, 42},,
{3,13,24,27,35, 43},,
{3,13,24,34,39, 47},,
{3,13,24,35,40, 47},,
{3,13,25,27,41, 53},,
{3,13,25,31,37, 48},,
{3,13,26,27,41, 54},,
{3,13,26,31,37, 49},,
{3,13,27,34,35, 55},,
{3,13,27,36,53, 54},,
{3,13,28,37,44, 48},,
{3,13,28,37,45, 49},,
{3,13,28,39,41, 53},,
{3,13,28,40,41, 54},,
{3,13,28,48,49, 56},,
{3,13,28,52,53, 54},,
{3,13,29,30,31, 55},,
{3,13,29,30,47, 56},,
{3,13,31,36,48, 49},,
{3,13,34,35,47, 52},,
{3,14,15,16,28, 55},,
{3,14,15,22,37, 46},,
{3,14,15,28,47, 56},,
{3,14,16,21,34, 49},,
{3,14,16,24,37, 42},,
{3,14,16,35,49, 55},,
{3,14,18,19,36, 47},,
{3,14,18,26,37, 42},,
{3,14,18,35,47, 53},,
{3,14,19,25,38, 42},,
{3,14,19,36,51, 55},,
{3,14,21,25,40, 42},,
{3,14,21,34,51, 53},,
{3,14,22,28,32, 41},,
{3,14,22,28,44, 48},,
{3,14,22,30,32, 43},,
{3,14,22,30,46, 48},,
{3,14,24,27,42, 53},,
{3,14,24,32,37, 47},,
{3,14,25,27,34, 41},,
{3,14,25,27,36, 43},,
{3,14,25,34,38, 48},,
{3,14,25,36,40, 48},,
{3,14,26,27,42, 55},,
{3,14,26,32,37, 49},,
{3,14,27,34,36, 54},,
{3,14,27,35,53, 55},,
{3,14,28,30,32, 54},,
{3,14,28,30,48, 56},,
{3,14,29,37,44, 47},,
{3,14,29,37,46, 49},,
{3,14,29,38,42, 53},,
{3,14,29,40,42, 55},,
{3,14,29,47,49, 56},,
{3,14,29,51,53, 55},,
{3,14,32,35,47, 49},,
{3,14,34,36,48, 51},,
{3,15,16,21,35, 48},,
{3,15,16,24,37, 43},,
{3,15,16,34,48, 55},,
{3,15,17,20,36, 47},,
{3,15,17,25,37, 43},,
{3,15,17,34,47, 54},,
{3,15,20,26,38, 43},,
{3,15,20,36,50, 55},,
{3,15,21,26,39, 43},,
{3,15,21,35,50, 54},,
{3,15,22,28,33, 41},,
{3,15,22,28,45, 49},,
{3,15,22,29,33, 42},,
{3,15,22,29,46, 49},,
{3,15,24,27,43, 54},,
{3,15,24,33,37, 47},,
{3,15,25,27,43, 55},,
{3,15,25,33,37, 48},,
{3,15,26,27,35, 41},,
{3,15,26,27,36, 42},,
{3,15,26,35,38, 49},,
{3,15,26,36,39, 49},,
{3,15,27,34,54, 55},,
{3,15,27,35,36, 53},,
{3,15,28,29,33, 53},,
{3,15,28,29,49, 56},,
{3,15,30,37,45, 47},,
{3,15,30,37,46, 48},,
{3,15,30,38,43, 54},,
{3,15,30,39,43, 55},,
{3,15,30,47,48, 56},,
{3,15,30,50,54, 55},,
{3,15,33,34,47, 48},,
{3,15,35,36,49, 50},,
{3,16,21,24,42, 43},,
{3,16,21,28,48, 49},,
{3,17,20,25,41, 43},,
{3,17,20,29,47, 49},,
{3,18,19,26,41, 42},,
{3,18,19,30,47, 48},,
{3,19,20,24,41, 46},,
{3,19,20,28,47, 52},,
{3,19,21,25,42, 45},,
{3,19,21,29,48, 51},,
{3,19,22,31,42, 48},,
{3,19,22,32,41, 47},,
{3,19,24,28,32, 37},,
{3,19,24,28,39, 53},,
{3,19,24,32,35, 43},,
{3,19,24,35,46, 53},,
{3,19,25,29,31, 37},,
{3,19,25,29,38, 53},,
{3,19,25,31,36, 43},,
{3,19,25,36,45, 53},,
{3,19,26,31,42, 55},,
{3,19,26,32,41, 54},,
{3,19,28,32,35, 49},,
{3,19,28,35,52, 53},,
{3,19,29,31,36, 49},,
{3,19,29,36,51, 53},,
{3,19,30,31,48, 55},,
{3,19,30,32,47, 54},,
{3,19,34,38,42, 48},,
{3,19,34,39,41, 47},,
{3,19,34,41,46, 54},,
{3,19,34,42,45, 55},,
{3,19,34,47,52, 54},,
{3,19,34,48,51, 55},,
{3,20,21,26,43, 44},,
{3,20,21,30,49, 50},,
{3,20,22,31,43, 49},,
{3,20,22,33,41, 47},,
{3,20,24,28,33, 37},,
{3,20,24,28,40, 54},,
{3,20,24,33,34, 42},,
{3,20,24,34,46, 54},,
{3,20,25,31,43, 55},,
{3,20,25,33,41, 53},,
{3,20,26,30,31, 37},,
{3,20,26,30,38, 54},,
{3,20,26,31,36, 42},,
{3,20,26,36,44, 54},,
{3,20,28,33,34, 48},,
{3,20,28,34,52, 54},,
{3,20,29,31,49, 55},,
{3,20,29,33,47, 53},,
{3,20,30,31,36, 48},,
{3,20,30,36,50, 54},,
{3,20,35,38,43, 49},,
{3,20,35,40,41, 47},,
{3,20,35,41,46, 53},,
{3,20,35,43,44, 55},,
{3,20,35,47,52, 53},,
{3,20,35,49,50, 55},,
{3,21,22,32,43, 49},,
{3,21,22,33,42, 48},,
{3,21,24,32,43, 54},,
{3,21,24,33,42, 53},,
{3,21,25,29,33, 37},,
{3,21,25,29,40, 55},,
{3,21,25,33,34, 41},,
{3,21,25,34,45, 55},,
{3,21,26,30,32, 37},,
{3,21,26,30,39, 55},,
{3,21,26,32,35, 41},,
{3,21,26,35,44, 55},,
{3,21,28,32,49, 54},,
{3,21,28,33,48, 53},,
{3,21,29,33,34, 47},,
{3,21,29,34,51, 55},,
{3,21,30,32,35, 47},,
{3,21,30,35,50, 55},,
{3,21,36,39,43, 49},,
{3,21,36,40,42, 48},,
{3,21,36,42,45, 53},,
{3,21,36,43,44, 54},,
{3,21,36,48,51, 53},,
{3,21,36,49,50, 54},,
{4,5,7,8,27, 44},,
{4,5,7,11,30, 44},,
{4,5,7,12,23, 50},,
{4,5,7,15,26, 50},,
{4,5,7,23,27, 53},,
{4,5,7,26,30, 56},,
{4,5,8,11,33, 44},,
{4,5,8,12,22, 53},,
{4,5,8,18,26, 53},,
{4,5,8,22,27, 50},,
{4,5,8,26,33, 56},,
{4,5,11,15,22, 56},,
{4,5,11,18,23, 56},,
{4,5,11,22,30, 50},,
{4,5,11,23,33, 53},,
{4,5,12,15,33, 50},,
{4,5,12,18,30, 53},,
{4,5,12,22,23, 44},,
{4,5,12,30,33, 56},,
{4,5,15,18,27, 56},,
{4,5,15,22,26, 44},,
{4,5,15,27,33, 53},,
{4,5,18,23,26, 44},,
{4,5,18,27,30, 50},,
{4,6,7,8,27, 45},,
{4,6,7,10,29, 45},,
{4,6,7,12,23, 51},,
{4,6,7,14,25, 51},,
{4,6,7,23,27, 54},,
{4,6,7,25,29, 56},,
{4,6,8,10,32, 45},,
{4,6,8,12,22, 54},,
{4,6,8,17,25, 54},,
{4,6,8,22,27, 51},,
{4,6,8,25,32, 56},,
{4,6,10,14,22, 56},,
{4,6,10,17,23, 56},,
{4,6,10,22,29, 51},,
{4,6,10,23,32, 54},,
{4,6,12,14,32, 51},,
{4,6,12,17,29, 54},,
{4,6,12,22,23, 45},,
{4,6,12,29,32, 56},,
{4,6,14,17,27, 56},,
{4,6,14,22,25, 45},,
{4,6,14,27,32, 54},,
{4,6,17,23,25, 45},,
{4,6,17,27,29, 51},,
{4,7,8,19,25, 47},,
{4,7,8,20,26, 47},,
{4,7,8,25,44, 48},,
{4,7,8,26,45, 49},,
{4,7,10,16,23, 50},,
{4,7,10,20,26, 50},,
{4,7,10,23,41, 48},,
{4,7,10,26,45, 52},,
{4,7,11,16,23, 51},,
{4,7,11,19,25, 51},,
{4,7,11,23,41, 49},,
{4,7,11,25,44, 52},,
{4,7,12,19,29, 41},,
{4,7,12,20,30, 41},,
{4,7,12,29,42, 50},,
{4,7,12,30,43, 51},,
{4,7,14,16,27, 44},,
{4,7,14,20,30, 44},,
{4,7,14,27,42, 47},,
{4,7,14,30,46, 51},,
{4,7,15,16,27, 45},,
{4,7,15,19,29, 45},,
{4,7,15,27,43, 47},,
{4,7,15,29,46, 50},,
{4,7,16,32,44, 50},,
{4,7,16,33,45, 51},,
{4,7,19,32,41, 47},,
{4,7,19,36,45, 51},,
{4,7,20,33,41, 47},,
{4,7,20,36,44, 50},,
{4,7,22,41,44, 48},,
{4,7,22,41,45, 49},,
{4,7,22,42,47, 50},,
{4,7,22,43,47, 51},,
{4,7,22,44,45, 52},,
{4,7,22,46,50, 51},,
{4,7,23,25,28, 53},,
{4,7,23,25,38, 48},,
{4,7,23,26,28, 54},,
{4,7,23,26,38, 49},,
{4,7,24,27,29, 53},,
{4,7,24,27,30, 54},,
{4,7,24,29,30, 56},,
{4,7,24,32,47, 50},,
{4,7,24,33,47, 51},,
{4,7,24,36,50, 51},,
{4,7,25,26,28, 56},,
{4,7,25,26,38, 52},,
{4,7,27,29,38, 42},,
{4,7,27,30,38, 43},,
{4,7,28,32,41, 44},,
{4,7,28,33,41, 45},,
{4,7,28,36,44, 45},,
{4,7,29,30,38, 46},,
{4,8,10,13,22, 53},,
{4,8,10,20,26, 53},,
{4,8,10,22,38, 48},,
{4,8,10,26,45, 55},,
{4,8,11,13,22, 54},,
{4,8,11,19,25, 54},,
{4,8,11,22,38, 49},,
{4,8,11,25,44, 55},,
{4,8,12,19,32, 38},,
{4,8,12,20,33, 38},,
{4,8,12,32,39, 53},,
{4,8,12,33,40, 54},,
{4,8,13,17,27, 44},,
{4,8,13,18,27, 45},,
{4,8,13,29,44, 53},,
{4,8,13,30,45, 54},,
{4,8,17,20,33, 44},,
{4,8,17,27,39, 47},,
{4,8,17,33,46, 54},,
{4,8,18,19,32, 45},,
{4,8,18,27,40, 47},,
{4,8,18,32,46, 53},,
{4,8,19,29,38, 47},,
{4,8,19,36,45, 54},,
{4,8,20,30,38, 47},,
{4,8,20,36,44, 53},,
{4,8,22,25,31, 50},,
{4,8,22,25,41, 48},,
{4,8,22,26,31, 51},,
{4,8,22,26,41, 49},,
{4,8,23,38,44, 48},,
{4,8,23,38,45, 49},,
{4,8,23,39,47, 53},,
{4,8,23,40,47, 54},,
{4,8,23,44,45, 55},,
{4,8,23,46,53, 54},,
{4,8,24,27,32, 50},,
{4,8,24,27,33, 51},,
{4,8,24,29,47, 53},,
{4,8,24,30,47, 54},,
{4,8,24,32,33, 56},,
{4,8,24,36,53, 54},,
{4,8,25,26,31, 56},,
{4,8,25,26,41, 55},,
{4,8,27,32,39, 41},,
{4,8,27,33,40, 41},,
{4,8,29,31,38, 44},,
{4,8,30,31,38, 45},,
{4,8,31,36,44, 45},,
{4,8,32,33,41, 46},,
{4,9,12,14,22, 53},,
{4,9,12,15,22, 54},,
{4,9,12,17,23, 50},,
{4,9,12,18,23, 51},,
{4,9,12,25,50, 53},,
{4,9,12,26,51, 54},,
{4,9,14,15,22, 56},,
{4,9,14,17,25, 47},,
{4,9,14,21,25, 51},,
{4,9,14,23,47, 53},,
{4,9,14,26,51, 56},,
{4,9,15,18,26, 47},,
{4,9,15,21,26, 50},,
{4,9,15,23,47, 54},,
{4,9,15,25,50, 56},,
{4,9,17,18,23, 56},,
{4,9,17,21,25, 54},,
{4,9,17,22,47, 50},,
{4,9,17,26,54, 56},,
{4,9,18,21,26, 53},,
{4,9,18,22,47, 51},,
{4,9,18,25,53, 56},,
{4,9,21,22,50, 51},,
{4,9,21,23,53, 54},,
{4,10,11,13,22, 56},,
{4,10,11,16,23, 56},,
{4,10,11,22,38, 52},,
{4,10,11,23,41, 55},,
{4,10,13,17,29, 41},,
{4,10,13,21,29, 45},,
{4,10,13,27,41, 53},,
{4,10,13,30,45, 56},,
{4,10,14,16,32, 38},,
{4,10,14,20,36, 38},,
{4,10,14,32,37, 53},,
{4,10,14,36,40, 56},,
{4,10,16,21,32, 45},,
{4,10,16,27,38, 50},,
{4,10,16,33,45, 56},,
{4,10,17,20,36, 41},,
{4,10,17,29,37, 50},,
{4,10,17,36,43, 56},,
{4,10,20,30,38, 50},,
{4,10,20,33,41, 53},,
{4,10,21,29,40, 50},,
{4,10,21,32,43, 53},,
{4,10,22,23,34, 47},,
{4,10,22,23,44, 48},,
{4,10,22,26,34, 51},,
{4,10,22,26,44, 52},,
{4,10,23,26,34, 54},,
{4,10,23,26,44, 55},,
{4,10,24,27,50, 53},,
{4,10,24,29,32, 47},,
{4,10,24,29,36, 51},,
{4,10,24,30,50, 56},,
{4,10,24,32,36, 54},,
{4,10,24,33,53, 56},,
{4,10,25,37,50, 53},,
{4,10,25,38,41, 48},,
{4,10,25,38,45, 52},,
{4,10,25,40,50, 56},,
{4,10,25,41,45, 55},,
{4,10,25,43,53, 56},,
{4,10,27,34,38, 41},,
{4,10,29,32,37, 44},,
{4,10,29,36,40, 44},,
{4,10,30,34,38, 45},,
{4,10,32,36,43, 44},,
{4,10,33,34,41, 45},,
{4,11,13,18,30, 41},,
{4,11,13,21,30, 44},,
{4,11,13,27,41, 54},,
{4,11,13,29,44, 56},,
{4,11,15,16,33, 38},,
{4,11,15,19,36, 38},,
{4,11,15,33,37, 54},,
{4,11,15,36,39, 56},,
{4,11,16,21,33, 44},,
{4,11,16,27,38, 51},,
{4,11,16,32,44, 56},,
{4,11,18,19,36, 41},,
{4,11,18,30,37, 51},,
{4,11,18,36,42, 56},,
{4,11,19,29,38, 51},,
{4,11,19,32,41, 54},,
{4,11,21,30,39, 51},,
{4,11,21,33,42, 54},,
{4,11,22,23,35, 47},,
{4,11,22,23,45, 49},,
{4,11,22,25,35, 50},,
{4,11,22,25,45, 52},,
{4,11,23,25,35, 53},,
{4,11,23,25,45, 55},,
{4,11,24,27,51, 54},,
{4,11,24,29,51, 56},,
{4,11,24,30,33, 47},,
{4,11,24,30,36, 50},,
{4,11,24,32,54, 56},,
{4,11,24,33,36, 53},,
{4,11,26,37,51, 54},,
{4,11,26,38,41, 49},,
{4,11,26,38,44, 52},,
{4,11,26,39,51, 56},,
{4,11,26,41,44, 55},,
{4,11,26,42,54, 56},,
{4,11,27,35,38, 41},,
{4,11,29,35,38, 44},,
{4,11,30,33,37, 45},,
{4,11,30,36,39, 45},,
{4,11,32,35,41, 44},,
{4,11,33,36,42, 45},,
{4,12,14,20,30, 53},,
{4,12,14,22,38, 42},,
{4,12,14,30,51, 55},,
{4,12,15,19,29, 54},,
{4,12,15,22,38, 43},,
{4,12,15,29,50, 55},,
{4,12,17,20,33, 50},,
{4,12,17,23,39, 41},,
{4,12,17,33,52, 54},,
{4,12,18,19,32, 51},,
{4,12,18,23,40, 41},,
{4,12,18,32,52, 53},,
{4,12,19,25,38, 41},,
{4,12,19,36,51, 54},,
{4,12,20,26,38, 41},,
{4,12,20,36,50, 53},,
{4,12,22,29,31, 44},,
{4,12,22,29,42, 47},,
{4,12,22,30,31, 45},,
{4,12,22,30,43, 47},,
{4,12,23,28,32, 44},,
{4,12,23,28,33, 45},,
{4,12,23,32,39, 47},,
{4,12,23,33,40, 47},,
{4,12,25,28,41, 53},,
{4,12,25,31,38, 50},,
{4,12,26,28,41, 54},,
{4,12,26,31,38, 51},,
{4,12,27,38,42, 50},,
{4,12,27,38,43, 51},,
{4,12,27,39,41, 53},,
{4,12,27,40,41, 54},,
{4,12,27,50,51, 55},,
{4,12,27,52,53, 54},,
{4,12,28,32,33, 56},,
{4,12,28,36,53, 54},,
{4,12,29,30,31, 56},,
{4,12,29,30,47, 55},,
{4,12,31,36,50, 51},,
{4,12,32,33,47, 52},,
{4,13,17,18,27, 56},,
{4,13,17,21,29, 54},,
{4,13,17,22,41, 44},,
{4,13,17,30,54, 56},,
{4,13,18,21,30, 53},,
{4,13,18,22,41, 45},,
{4,13,18,29,53, 56},,
{4,13,21,22,44, 45},,
{4,13,21,27,53, 54},,
{4,14,15,16,27, 56},,
{4,14,15,22,38, 46},,
{4,14,15,27,47, 55},,
{4,14,16,21,32, 51},,
{4,14,16,23,38, 44},,
{4,14,16,33,51, 56},,
{4,14,17,20,36, 47},,
{4,14,17,25,37, 44},,
{4,14,17,36,49, 56},,
{4,14,20,26,38, 44},,
{4,14,20,33,47, 53},,
{4,14,21,25,40, 44},,
{4,14,21,32,49, 53},,
{4,14,22,27,34, 41},,
{4,14,22,27,42, 50},,
{4,14,22,30,34, 45},,
{4,14,22,30,46, 50},,
{4,14,23,28,44, 53},,
{4,14,23,34,38, 47},,
{4,14,25,28,32, 41},,
{4,14,25,28,36, 45},,
{4,14,25,32,37, 50},,
{4,14,25,36,40, 50},,
{4,14,26,28,44, 56},,
{4,14,26,34,38, 51},,
{4,14,27,30,34, 54},,
{4,14,27,30,50, 55},,
{4,14,28,32,36, 54},,
{4,14,28,33,53, 56},,
{4,14,29,37,44, 53},,
{4,14,29,38,42, 47},,
{4,14,29,38,46, 51},,
{4,14,29,40,44, 56},,
{4,14,29,47,51, 55},,
{4,14,29,49,53, 56},,
{4,14,32,36,49, 50},,
{4,14,33,34,47, 51},,
{4,15,16,21,33, 50},,
{4,15,16,23,38, 45},,
{4,15,16,32,50, 56},,
{4,15,18,19,36, 47},,
{4,15,18,26,37, 45},,
{4,15,18,36,48, 56},,
{4,15,19,25,38, 45},,
{4,15,19,32,47, 54},,
{4,15,21,26,39, 45},,
{4,15,21,33,48, 54},,
{4,15,22,27,35, 41},,
{4,15,22,27,43, 51},,
{4,15,22,29,35, 44},,
{4,15,22,29,46, 51},,
{4,15,23,28,45, 54},,
{4,15,23,35,38, 47},,
{4,15,25,28,45, 56},,
{4,15,25,35,38, 50},,
{4,15,26,28,33, 41},,
{4,15,26,28,36, 44},,
{4,15,26,33,37, 51},,
{4,15,26,36,39, 51},,
{4,15,27,29,35, 53},,
{4,15,27,29,51, 55},,
{4,15,28,32,54, 56},,
{4,15,28,33,36, 53},,
{4,15,30,37,45, 54},,
{4,15,30,38,43, 47},,
{4,15,30,38,46, 50},,
{4,15,30,39,45, 56},,
{4,15,30,47,50, 55},,
{4,15,30,48,54, 56},,
{4,15,32,35,47, 50},,
{4,15,33,36,48, 51},,
{4,16,21,23,44, 45},,
{4,16,21,27,50, 51},,
{4,17,18,23,41, 46},,
{4,17,18,27,47, 52},,
{4,17,20,26,41, 44},,
{4,17,20,30,47, 50},,
{4,17,21,25,43, 44},,
{4,17,21,29,49, 50},,
{4,17,22,31,44, 50},,
{4,17,22,34,41, 47},,
{4,17,23,27,34, 38},,
{4,17,23,27,39, 53},,
{4,17,23,33,34, 45},,
{4,17,23,33,46, 53},,
{4,17,25,29,31, 38},,
{4,17,25,29,37, 53},,
{4,17,25,31,36, 45},,
{4,17,25,36,43, 53},,
{4,17,26,31,44, 56},,
{4,17,26,34,41, 54},,
{4,17,27,33,34, 51},,
{4,17,27,33,52, 53},,
{4,17,29,31,36, 51},,
{4,17,29,36,49, 53},,
{4,17,30,31,50, 56},,
{4,17,30,34,47, 54},,
{4,17,32,37,44, 50},,
{4,17,32,39,41, 47},,
{4,17,32,41,46, 54},,
{4,17,32,43,44, 56},,
{4,17,32,47,52, 54},,
{4,17,32,49,50, 56},,
{4,18,19,25,41, 45},,
{4,18,19,29,47, 51},,
{4,18,21,26,42, 45},,
{4,18,21,30,48, 51},,
{4,18,22,31,45, 51},,
{4,18,22,35,41, 47},,
{4,18,23,27,35, 38},,
{4,18,23,27,40, 54},,
{4,18,23,32,35, 44},,
{4,18,23,32,46, 54},,
{4,18,25,31,45, 56},,
{4,18,25,35,41, 53},,
{4,18,26,30,31, 38},,
{4,18,26,30,37, 54},,
{4,18,26,31,36, 44},,
{4,18,26,36,42, 54},,
{4,18,27,32,35, 50},,
{4,18,27,32,52, 54},,
{4,18,29,31,51, 56},,
{4,18,29,35,47, 53},,
{4,18,30,31,36, 50},,
{4,18,30,36,48, 54},,
{4,18,33,37,45, 51},,
{4,18,33,40,41, 47},,
{4,18,33,41,46, 53},,
{4,18,33,42,45, 56},,
{4,18,33,47,52, 53},,
{4,18,33,48,51, 56},,
{4,21,22,34,45, 51},,
{4,21,22,35,44, 50},,
{4,21,23,34,45, 54},,
{4,21,23,35,44, 53},,
{4,21,25,29,35, 38},,
{4,21,25,29,40, 56},,
{4,21,25,32,35, 41},,
{4,21,25,32,43, 56},,
{4,21,26,30,34, 38},,
{4,21,26,30,39, 56},,
{4,21,26,33,34, 41},,
{4,21,26,33,42, 56},,
{4,21,27,34,51, 54},,
{4,21,27,35,50, 53},,
{4,21,29,32,35, 47},,
{4,21,29,32,49, 56},,
{4,21,30,33,34, 47},,
{4,21,30,33,48, 56},,
{4,21,36,39,45, 51},,
{4,21,36,40,44, 50},,
{4,21,36,42,45, 54},,
{4,21,36,43,44, 53},,
{4,21,36,48,51, 54},,
{4,21,36,49,50, 53},,
{5,6,7,8,27, 46},,
{5,6,7,9,28, 46},,
{5,6,7,12,23, 52},,
{5,6,7,13,24, 52},,
{5,6,7,23,27, 55},,
{5,6,7,24,28, 56},,
{5,6,8,9,31, 46},,
{5,6,8,12,22, 55},,
{5,6,8,16,24, 55},,
{5,6,8,22,27, 52},,
{5,6,8,24,31, 56},,
{5,6,9,13,22, 56},,
{5,6,9,16,23, 56},,
{5,6,9,22,28, 52},,
{5,6,9,23,31, 55},,
{5,6,12,13,31, 52},,
{5,6,12,16,28, 55},,
{5,6,12,22,23, 46},,
{5,6,12,28,31, 56},,
{5,6,13,16,27, 56},,
{5,6,13,22,24, 46},,
{5,6,13,27,31, 55},,
{5,6,16,23,24, 46},,
{5,6,16,27,28, 52},,
{5,7,8,19,24, 48},,
{5,7,8,21,26, 48},,
{5,7,8,24,44, 47},,
{5,7,8,26,46, 49},,
{5,7,9,17,23, 50},,
{5,7,9,21,26, 50},,
{5,7,9,23,42, 47},,
{5,7,9,26,46, 51},,
{5,7,11,17,23, 52},,
{5,7,11,19,24, 52},,
{5,7,11,23,42, 49},,
{5,7,11,24,44, 51},,
{5,7,12,19,28, 42},,
{5,7,12,21,30, 42},,
{5,7,12,28,41, 50},,
{5,7,12,30,43, 52},,
{5,7,13,17,27, 44},,
{5,7,13,21,30, 44},,
{5,7,13,27,41, 48},,
{5,7,13,30,45, 52},,
{5,7,15,17,27, 46},,
{5,7,15,19,28, 46},,
{5,7,15,27,43, 48},,
{5,7,15,28,45, 50},,
{5,7,17,31,44, 50},,
{5,7,17,33,46, 52},,
{5,7,19,31,42, 48},,
{5,7,19,35,46, 52},,
{5,7,21,33,42, 48},,
{5,7,21,35,44, 50},,
{5,7,22,41,48, 50},,
{5,7,22,42,44, 47},,
{5,7,22,42,46, 49},,
{5,7,22,43,48, 52},,
{5,7,22,44,46, 51},,
{5,7,22,45,50, 52},,
{5,7,23,24,29, 53},,
{5,7,23,24,39, 47},,
{5,7,23,26,29, 55},,
{5,7,23,26,39, 49},,
{5,7,24,26,29, 56},,
{5,7,24,26,39, 51},,
{5,7,25,27,28, 53},,
{5,7,25,27,30, 55},,
{5,7,25,28,30, 56},,
{5,7,25,31,48, 50},,
{5,7,25,33,48, 52},,
{5,7,25,35,50, 52},,
{5,7,27,28,39, 41},,
{5,7,27,30,39, 43},,
{5,7,28,30,39, 45},,
{5,7,29,31,42, 44},,
{5,7,29,33,42, 46},,
{5,7,29,35,44, 46},,
{5,8,9,14,22, 53},,
{5,8,9,21,26, 53},,
{5,8,9,22,39, 47},,
{5,8,9,26,46, 54},,
{5,8,11,14,22, 55},,
{5,8,11,19,24, 55},,
{5,8,11,22,39, 49},,
{5,8,11,24,44, 54},,
{5,8,12,19,31, 39},,
{5,8,12,21,33, 39},,
{5,8,12,31,38, 53},,
{5,8,12,33,40, 55},,
{5,8,14,16,27, 44},,
{5,8,14,18,27, 46},,
{5,8,14,28,44, 53},,
{5,8,14,30,46, 55},,
{5,8,16,21,33, 44},,
{5,8,16,27,38, 48},,
{5,8,16,33,45, 55},,
{5,8,18,19,31, 46},,
{5,8,18,27,40, 48},,
{5,8,18,31,45, 53},,
{5,8,19,28,39, 48},,
{5,8,19,35,46, 55},,
{5,8,21,30,39, 48},,
{5,8,21,35,44, 53},,
{5,8,22,24,32, 50},,
{5,8,22,24,42, 47},,
{5,8,22,26,32, 52},,
{5,8,22,26,42, 49},,
{5,8,23,38,48, 53},,
{5,8,23,39,44, 47},,
{5,8,23,39,46, 49},,
{5,8,23,40,48, 55},,
{5,8,23,44,46, 54},,
{5,8,23,45,53, 55},,
{5,8,24,26,32, 56},,
{5,8,24,26,42, 54},,
{5,8,25,27,31, 50},,
{5,8,25,27,33, 52},,
{5,8,25,28,48, 53},,
{5,8,25,30,48, 55},,
{5,8,25,31,33, 56},,
{5,8,25,35,53, 55},,
{5,8,27,31,38, 42},,
{5,8,27,33,40, 42},,
{5,8,28,32,39, 44},,
{5,8,30,32,39, 46},,
{5,8,31,33,42, 45},,
{5,8,32,35,44, 46},,
{5,9,11,14,22, 56},,
{5,9,11,17,23, 56},,
{5,9,11,22,39, 51},,
{5,9,11,23,42, 54},,
{5,9,13,17,31, 39},,
{5,9,13,21,35, 39},,
{5,9,13,31,37, 53},,
{5,9,13,35,40, 56},,
{5,9,14,16,28, 42},,
{5,9,14,20,28, 46},,
{5,9,14,27,42, 53},,
{5,9,14,30,46, 56},,
{5,9,16,21,35, 42},,
{5,9,16,28,37, 50},,
{5,9,16,35,43, 56},,
{5,9,17,20,31, 46},,
{5,9,17,27,39, 50},,
{5,9,17,33,46, 56},,
{5,9,20,28,40, 50},,
{5,9,20,31,43, 53},,
{5,9,21,30,39, 50},,
{5,9,21,33,42, 53},,
{5,9,22,23,34, 48},,
{5,9,22,23,44, 47},,
{5,9,22,26,34, 52},,
{5,9,22,26,44, 51},,
{5,9,23,26,34, 55},,
{5,9,23,26,44, 54},,
{5,9,24,37,50, 53},,
{5,9,24,39,42, 47},,
{5,9,24,39,46, 51},,
{5,9,24,40,50, 56},,
{5,9,24,42,46, 54},,
{5,9,24,43,53, 56},,
{5,9,25,27,50, 53},,
{5,9,25,28,31, 48},,
{5,9,25,28,35, 52},,
{5,9,25,30,50, 56},,
{5,9,25,31,35, 55},,
{5,9,25,33,53, 56},,
{5,9,27,34,39, 42},,
{5,9,28,31,37, 44},,
{5,9,28,35,40, 44},,
{5,9,30,34,39, 46},,
{5,9,31,35,43, 44},,
{5,9,33,34,42, 46},,
{5,10,12,13,22, 53},,
{5,10,12,15,22, 55},,
{5,10,12,16,23, 50},,
{5,10,12,18,23, 52},,
{5,10,12,24,50, 53},,
{5,10,12,26,52, 55},,
{5,10,13,15,22, 56},,
{5,10,13,16,24, 48},,
{5,10,13,20,24, 52},,
{5,10,13,23,48, 53},,
{5,10,13,26,52, 56},,
{5,10,15,18,26, 48},,
{5,10,15,20,26, 50},,
{5,10,15,23,48, 55},,
{5,10,15,24,50, 56},,
{5,10,16,18,23, 56},,
{5,10,16,20,24, 55},,
{5,10,16,22,48, 50},,
{5,10,16,26,55, 56},,
{5,10,18,20,26, 53},,
{5,10,18,22,48, 52},,
{5,10,18,24,53, 56},,
{5,10,20,22,50, 52},,
{5,10,20,23,53, 55},,
{5,11,14,18,30, 42},,
{5,11,14,20,30, 44},,
{5,11,14,27,42, 55},,
{5,11,14,28,44, 56},,
{5,11,15,17,33, 39},,
{5,11,15,19,35, 39},,
{5,11,15,33,37, 55},,
{5,11,15,35,38, 56},,
{5,11,17,20,33, 44},,
{5,11,17,27,39, 52},,
{5,11,17,31,44, 56},,
{5,11,18,19,35, 42},,
{5,11,18,30,37, 52},,
{5,11,18,35,41, 56},,
{5,11,19,28,39, 52},,
{5,11,19,31,42, 55},,
{5,11,20,30,38, 52},,
{5,11,20,33,41, 55},,
{5,11,22,23,36, 48},,
{5,11,22,23,46, 49},,
{5,11,22,24,36, 50},,
{5,11,22,24,46, 51},,
{5,11,23,24,36, 53},,
{5,11,23,24,46, 54},,
{5,11,25,27,52, 55},,
{5,11,25,28,52, 56},,
{5,11,25,30,33, 48},,
{5,11,25,30,35, 50},,
{5,11,25,31,55, 56},,
{5,11,25,33,35, 53},,
{5,11,26,37,52, 55},,
{5,11,26,38,52, 56},,
{5,11,26,39,42, 49},,
{5,11,26,39,44, 51},,
{5,11,26,41,55, 56},,
{5,11,26,42,44, 54},,
{5,11,27,36,39, 42},,
{5,11,28,36,39, 44},,
{5,11,30,33,37, 46},,
{5,11,30,35,38, 46},,
{5,11,31,36,42, 44},,
{5,11,33,35,41, 46},,
{5,12,13,21,30, 53},,
{5,12,13,22,39, 41},,
{5,12,13,30,52, 54},,
{5,12,15,19,28, 55},,
{5,12,15,22,39, 43},,
{5,12,15,28,50, 54},,
{5,12,16,21,33, 50},,
{5,12,16,23,38, 42},,
{5,12,16,33,51, 55},,
{5,12,18,19,31, 52},,
{5,12,18,23,40, 42},,
{5,12,18,31,51, 53},,
{5,12,19,24,39, 42},,
{5,12,19,35,52, 55},,
{5,12,21,26,39, 42},,
{5,12,21,35,50, 53},,
{5,12,22,28,32, 44},,
{5,12,22,28,41, 48},,
{5,12,22,30,32, 46},,
{5,12,22,30,43, 48},,
{5,12,23,29,31, 44},,
{5,12,23,29,33, 46},,
{5,12,23,31,38, 48},,
{5,12,23,33,40, 48},,
{5,12,24,29,42, 53},,
{5,12,24,32,39, 50},,
{5,12,26,29,42, 55},,
{5,12,26,32,39, 52},,
{5,12,27,38,42, 53},,
{5,12,27,39,41, 50},,
{5,12,27,39,43, 52},,
{5,12,27,40,42, 55},,
{5,12,27,50,52, 54},,
{5,12,27,51,53, 55},,
{5,12,28,30,32, 56},,
{5,12,28,30,48, 54},,
{5,12,29,31,33, 56},,
{5,12,29,35,53, 55},,
{5,12,31,33,48, 51},,
{5,12,32,35,50, 52},,
{5,13,15,17,27, 56},,
{5,13,15,22,39, 45},,
{5,13,15,27,48, 54},,
{5,13,16,21,35, 48},,
{5,13,16,24,37, 44},,
{5,13,16,35,49, 56},,
{5,13,17,20,31, 52},,
{5,13,17,23,39, 44},,
{5,13,17,33,52, 56},,
{5,13,20,24,40, 44},,
{5,13,20,31,49, 53},,
{5,13,21,26,39, 44},,
{5,13,21,33,48, 53},,
{5,13,22,27,34, 42},,
{5,13,22,27,41, 50},,
{5,13,22,30,34, 46},,
{5,13,22,30,45, 50},,
{5,13,23,29,44, 53},,
{5,13,23,34,39, 48},,
{5,13,24,29,31, 42},,
{5,13,24,29,35, 46},,
{5,13,24,31,37, 50},,
{5,13,24,35,40, 50},,
{5,13,26,29,44, 56},,
{5,13,26,34,39, 52},,
{5,13,27,30,34, 55},,
{5,13,27,30,50, 54},,
{5,13,28,37,44, 53},,
{5,13,28,39,41, 48},,
{5,13,28,39,45, 52},,
{5,13,28,40,44, 56},,
{5,13,28,48,52, 54},,
{5,13,28,49,53, 56},,
{5,13,29,31,35, 55},,
{5,13,29,33,53, 56},,
{5,13,31,35,49, 50},,
{5,13,33,34,48, 52},,
{5,14,16,18,27, 56},,
{5,14,16,20,28, 55},,
{5,14,16,22,42, 44},,
{5,14,16,30,55, 56},,
{5,14,18,20,30, 53},,
{5,14,18,22,42, 46},,
{5,14,18,28,53, 56},,
{5,14,20,22,44, 46},,
{5,14,20,27,53, 55},,
{5,15,17,20,33, 50},,
{5,15,17,23,39, 46},,
{5,15,17,31,50, 56},,
{5,15,18,19,35, 48},,
{5,15,18,26,37, 46},,
{5,15,18,35,47, 56},,
{5,15,19,24,39, 46},,
{5,15,19,31,48, 55},,
{5,15,20,26,38, 46},,
{5,15,20,33,47, 55},,
{5,15,22,27,36, 42},,
{5,15,22,27,43, 52},,
{5,15,22,28,36, 44},,
{5,15,22,28,45, 52},,
{5,15,23,29,46, 55},,
{5,15,23,36,39, 48},,
{5,15,24,29,46, 56},,
{5,15,24,36,39, 50},,
{5,15,26,29,33, 42},,
{5,15,26,29,35, 44},,
{5,15,26,33,37, 52},,
{5,15,26,35,38, 52},,
{5,15,27,28,36, 53},,
{5,15,27,28,52, 54},,
{5,15,29,31,55, 56},,
{5,15,29,33,35, 53},,
{5,15,30,37,46, 55},,
{5,15,30,38,46, 56},,
{5,15,30,39,43, 48},,
{5,15,30,39,45, 50},,
{5,15,30,47,55, 56},,
{5,15,30,48,50, 54},,
{5,15,31,36,48, 50},,
{5,15,33,35,47, 52},,
{5,16,18,23,42, 45},,
{5,16,18,27,48, 51},,
{5,16,20,24,43, 44},,
{5,16,20,28,49, 50},,
{5,16,21,26,42, 44},,
{5,16,21,30,48, 50},,
{5,16,22,32,44, 50},,
{5,16,22,34,42, 48},,
{5,16,23,27,34, 39},,
{5,16,23,27,38, 53},,
{5,16,23,33,34, 46},,
{5,16,23,33,45, 53},,
{5,16,24,28,32, 39},,
{5,16,24,28,37, 53},,
{5,16,24,32,35, 46},,
{5,16,24,35,43, 53},,
{5,16,26,32,44, 56},,
{5,16,26,34,42, 55},,
{5,16,27,33,34, 52},,
{5,16,27,33,51, 53},,
{5,16,28,32,35, 52},,
{5,16,28,35,49, 53},,
{5,16,30,32,50, 56},,
{5,16,30,34,48, 55},,
{5,16,31,37,44, 50},,
{5,16,31,38,42, 48},,
{5,16,31,42,45, 55},,
{5,16,31,43,44, 56},,
{5,16,31,48,51, 55},,
{5,16,31,49,50, 56},,
{5,17,20,23,44, 46},,
{5,17,20,27,50, 52},,
{5,18,19,24,42, 46},,
{5,18,19,28,48, 52},,
{5,18,20,26,41, 46},,
{5,18,20,30,47, 52},,
{5,18,22,32,46, 52},,
{5,18,22,36,42, 48},,
{5,18,23,27,36, 39},,
{5,18,23,27,40, 55},,
{5,18,23,31,36, 44},,
{5,18,23,31,45, 55},,
{5,18,24,32,46, 56},,
{5,18,24,36,42, 53},,
{5,18,26,30,32, 39},,
{5,18,26,30,37, 55},,
{5,18,26,32,35, 44},,
{5,18,26,35,41, 55},,
{5,18,27,31,36, 50},,
{5,18,27,31,51, 55},,
{5,18,28,32,52, 56},,
{5,18,28,36,48, 53},,
{5,18,30,32,35, 50},,
{5,18,30,35,47, 55},,
{5,18,33,37,46, 52},,
{5,18,33,40,42, 48},,
{5,18,33,41,46, 56},,
{5,18,33,42,45, 53},,
{5,18,33,47,52, 56},,
{5,18,33,48,51, 53},,
{5,20,22,34,46, 52},,
{5,20,22,36,44, 50},,
{5,20,23,34,46, 55},,
{5,20,23,36,44, 53},,
{5,20,24,28,36, 39},,
{5,20,24,28,40, 56},,
{5,20,24,31,36, 42},,
{5,20,24,31,43, 56},,
{5,20,26,30,34, 39},,
{5,20,26,30,38, 56},,
{5,20,26,33,34, 42},,
{5,20,26,33,41, 56},,
{5,20,27,34,52, 55},,
{5,20,27,36,50, 53},,
{5,20,28,31,36, 48},,
{5,20,28,31,49, 56},,
{5,20,30,33,34, 48},,
{5,20,30,33,47, 56},,
{5,20,35,38,46, 52},,
{5,20,35,40,44, 50},,
{5,20,35,41,46, 55},,
{5,20,35,43,44, 53},,
{5,20,35,47,52, 55},,
{5,20,35,49,50, 53},,
{6,7,8,20,24, 49},,
{6,7,8,21,25, 49},,
{6,7,8,24,45, 47},,
{6,7,8,25,46, 48},,
{6,7,9,18,23, 51},,
{6,7,9,21,25, 51},,
{6,7,9,23,43, 47},,
{6,7,9,25,46, 50},,
{6,7,10,18,23, 52},,
{6,7,10,20,24, 52},,
{6,7,10,23,43, 48},,
{6,7,10,24,45, 50},,
{6,7,12,20,28, 43},,
{6,7,12,21,29, 43},,
{6,7,12,28,41, 51},,
{6,7,12,29,42, 52},,
{6,7,13,18,27, 45},,
{6,7,13,21,29, 45},,
{6,7,13,27,41, 49},,
{6,7,13,29,44, 52},,
{6,7,14,18,27, 46},,
{6,7,14,20,28, 46},,
{6,7,14,27,42, 49},,
{6,7,14,28,44, 51},,
{6,7,18,31,45, 51},,
{6,7,18,32,46, 52},,
{6,7,20,31,43, 49},,
{6,7,20,34,46, 52},,
{6,7,21,32,43, 49},,
{6,7,21,34,45, 51},,
{6,7,22,41,49, 51},,
{6,7,22,42,49, 52},,
{6,7,22,43,45, 47},,
{6,7,22,43,46, 48},,
{6,7,22,44,51, 52},,
{6,7,22,45,46, 50},,
{6,7,23,24,30, 54},,
{6,7,23,24,40, 47},,
{6,7,23,25,30, 55},,
{6,7,23,25,40, 48},,
{6,7,24,25,30, 56},,
{6,7,24,25,40, 50},,
{6,7,26,27,28, 54},,
{6,7,26,27,29, 55},,
{6,7,26,28,29, 56},,
{6,7,26,31,49, 51},,
{6,7,26,32,49, 52},,
{6,7,26,34,51, 52},,
{6,7,27,28,40, 41},,
{6,7,27,29,40, 42},,
{6,7,28,29,40, 44},,
{6,7,30,31,43, 45},,
{6,7,30,32,43, 46},,
{6,7,30,34,45, 46},,
{6,8,9,15,22, 54},,
{6,8,9,21,25, 54},,
{6,8,9,22,40, 47},,
{6,8,9,25,46, 53},,
{6,8,10,15,22, 55},,
{6,8,10,20,24, 55},,
{6,8,10,22,40, 48},,
{6,8,10,24,45, 53},,
{6,8,12,20,31, 40},,
{6,8,12,21,32, 40},,
{6,8,12,31,38, 54},,
{6,8,12,32,39, 55},,
{6,8,15,16,27, 45},,
{6,8,15,17,27, 46},,
{6,8,15,28,45, 54},,
{6,8,15,29,46, 55},,
{6,8,16,21,32, 45},,
{6,8,16,27,38, 49},,
{6,8,16,32,44, 55},,
{6,8,17,20,31, 46},,
{6,8,17,27,39, 49},,
{6,8,17,31,44, 54},,
{6,8,20,28,40, 49},,
{6,8,20,34,46, 55},,
{6,8,21,29,40, 49},,
{6,8,21,34,45, 54},,
{6,8,22,24,33, 51},,
{6,8,22,24,43, 47},,
{6,8,22,25,33, 52},,
{6,8,22,25,43, 48},,
{6,8,23,38,49, 54},,
{6,8,23,39,49, 55},,
{6,8,23,40,45, 47},,
{6,8,23,40,46, 48},,
{6,8,23,44,54, 55},,
{6,8,23,45,46, 53},,
{6,8,24,25,33, 56},,
{6,8,24,25,43, 53},,
{6,8,26,27,31, 51},,
{6,8,26,27,32, 52},,
{6,8,26,28,49, 54},,
{6,8,26,29,49, 55},,
{6,8,26,31,32, 56},,
{6,8,26,34,54, 55},,
{6,8,27,31,38, 43},,
{6,8,27,32,39, 43},,
{6,8,28,33,40, 45},,
{6,8,29,33,40, 46},,
{6,8,31,32,43, 44},,
{6,8,33,34,45, 46},,
{6,9,10,15,22, 56},,
{6,9,10,18,23, 56},,
{6,9,10,22,40, 50},,
{6,9,10,23,43, 53},,
{6,9,13,18,31, 40},,
{6,9,13,21,34, 40},,
{6,9,13,31,37, 54},,
{6,9,13,34,39, 56},,
{6,9,15,16,28, 43},,
{6,9,15,19,28, 46},,
{6,9,15,27,43, 54},,
{6,9,15,29,46, 56},,
{6,9,16,21,34, 43},,
{6,9,16,28,37, 51},,
{6,9,16,34,42, 56},,
{6,9,18,19,31, 46},,
{6,9,18,27,40, 51},,
{6,9,18,32,46, 56},,
{6,9,19,28,39, 51},,
{6,9,19,31,42, 54},,
{6,9,21,29,40, 51},,
{6,9,21,32,43, 54},,
{6,9,22,23,35, 49},,
{6,9,22,23,45, 47},,
{6,9,22,25,35, 52},,
{6,9,22,25,45, 50},,
{6,9,23,25,35, 55},,
{6,9,23,25,45, 53},,
{6,9,24,37,51, 54},,
{6,9,24,39,51, 56},,
{6,9,24,40,43, 47},,
{6,9,24,40,46, 50},,
{6,9,24,42,54, 56},,
{6,9,24,43,46, 53},,
{6,9,26,27,51, 54},,
{6,9,26,28,31, 49},,
{6,9,26,28,34, 52},,
{6,9,26,29,51, 56},,
{6,9,26,31,34, 55},,
{6,9,26,32,54, 56},,
{6,9,27,35,40, 43},,
{6,9,28,31,37, 45},,
{6,9,28,34,39, 45},,
{6,9,29,35,40, 46},,
{6,9,31,34,42, 45},,
{6,9,32,35,43, 46},,
{6,10,14,18,32, 40},,
{6,10,14,20,34, 40},,
{6,10,14,32,37, 55},,
{6,10,14,34,38, 56},,
{6,10,15,17,29, 43},,
{6,10,15,19,29, 45},,
{6,10,15,27,43, 55},,
{6,10,15,28,45, 56},,
{6,10,17,20,34, 43},,
{6,10,17,29,37, 52},,
{6,10,17,34,41, 56},,
{6,10,18,19,32, 45},,
{6,10,18,27,40, 52},,
{6,10,18,31,45, 56},,
{6,10,19,29,38, 52},,
{6,10,19,32,41, 55},,
{6,10,20,28,40, 52},,
{6,10,20,31,43, 55},,
{6,10,22,23,36, 49},,
{6,10,22,23,46, 48},,
{6,10,22,24,36, 51},,
{6,10,22,24,46, 50},,
{6,10,23,24,36, 54},,
{6,10,23,24,46, 53},,
{6,10,25,37,52, 55},,
{6,10,25,38,52, 56},,
{6,10,25,40,43, 48},,
{6,10,25,40,45, 50},,
{6,10,25,41,55, 56},,
{6,10,25,43,45, 53},,
{6,10,26,27,52, 55},,
{6,10,26,28,52, 56},,
{6,10,26,29,32, 49},,
{6,10,26,29,34, 51},,
{6,10,26,31,55, 56},,
{6,10,26,32,34, 54},,
{6,10,27,36,40, 43},,
{6,10,28,36,40, 45},,
{6,10,29,32,37, 46},,
{6,10,29,34,38, 46},,
{6,10,31,36,43, 45},,
{6,10,32,34,41, 46},,
{6,11,12,13,22, 54},,
{6,11,12,14,22, 55},,
{6,11,12,16,23, 51},,
{6,11,12,17,23, 52},,
{6,11,12,24,51, 54},,
{6,11,12,25,52, 55},,
{6,11,13,14,22, 56},,
{6,11,13,16,24, 49},,
{6,11,13,19,24, 52},,
{6,11,13,23,49, 54},,
{6,11,13,25,52, 56},,
{6,11,14,17,25, 49},,
{6,11,14,19,25, 51},,
{6,11,14,23,49, 55},,
{6,11,14,24,51, 56},,
{6,11,16,17,23, 56},,
{6,11,16,19,24, 55},,
{6,11,16,22,49, 51},,
{6,11,16,25,55, 56},,
{6,11,17,19,25, 54},,
{6,11,17,22,49, 52},,
{6,11,17,24,54, 56},,
{6,11,19,22,51, 52},,
{6,11,19,23,54, 55},,
{6,12,13,21,29, 54},,
{6,12,13,22,40, 41},,
{6,12,13,29,52, 53},,
{6,12,14,20,28, 55},,
{6,12,14,22,40, 42},,
{6,12,14,28,51, 53},,
{6,12,16,21,32, 51},,
{6,12,16,23,38, 43},,
{6,12,16,32,50, 55},,
{6,12,17,20,31, 52},,
{6,12,17,23,39, 43},,
{6,12,17,31,50, 54},,
{6,12,20,24,40, 43},,
{6,12,20,34,52, 55},,
{6,12,21,25,40, 43},,
{6,12,21,34,51, 54},,
{6,12,22,28,33, 45},,
{6,12,22,28,41, 49},,
{6,12,22,29,33, 46},,
{6,12,22,29,42, 49},,
{6,12,23,30,31, 45},,
{6,12,23,30,32, 46},,
{6,12,23,31,38, 49},,
{6,12,23,32,39, 49},,
{6,12,24,30,43, 54},,
{6,12,24,33,40, 51},,
{6,12,25,30,43, 55},,
{6,12,25,33,40, 52},,
{6,12,27,38,43, 54},,
{6,12,27,39,43, 55},,
{6,12,27,40,41, 51},,
{6,12,27,40,42, 52},,
{6,12,27,50,54, 55},,
{6,12,27,51,52, 53},,
{6,12,28,29,33, 56},,
{6,12,28,29,49, 53},,
{6,12,30,31,32, 56},,
{6,12,30,34,54, 55},,
{6,12,31,32,49, 50},,
{6,12,33,34,51, 52},,
{6,13,14,18,27, 56},,
{6,13,14,22,40, 44},,
{6,13,14,27,49, 53},,
{6,13,16,21,34, 49},,
{6,13,16,24,37, 45},,
{6,13,16,34,48, 56},,
{6,13,18,19,31, 52},,
{6,13,18,23,40, 45},,
{6,13,18,32,52, 56},,
{6,13,19,24,39, 45},,
{6,13,19,31,48, 54},,
{6,13,21,25,40, 45},,
{6,13,21,32,49, 54},,
{6,13,22,27,35, 43},,
{6,13,22,27,41, 51},,
{6,13,22,29,35, 46},,
{6,13,22,29,44, 51},,
{6,13,23,30,45, 54},,
{6,13,23,35,40, 49},,
{6,13,24,30,31, 43},,
{6,13,24,30,34, 46},,
{6,13,24,31,37, 51},,
{6,13,24,34,39, 51},,
{6,13,25,30,45, 56},,
{6,13,25,35,40, 52},,
{6,13,27,29,35, 55},,
{6,13,27,29,51, 53},,
{6,13,28,37,45, 54},,
{6,13,28,39,45, 56},,
{6,13,28,40,41, 49},,
{6,13,28,40,44, 52},,
{6,13,28,48,54, 56},,
{6,13,28,49,52, 53},,
{6,13,30,31,34, 55},,
{6,13,30,32,54, 56},,
{6,13,31,34,48, 51},,
{6,13,32,35,49, 52},,
{6,14,17,20,34, 49},,
{6,14,17,25,37, 46},,
{6,14,17,34,47, 56},,
{6,14,18,19,32, 51},,
{6,14,18,23,40, 46},,
{6,14,18,31,51, 56},,
{6,14,19,25,38, 46},,
{6,14,19,32,47, 55},,
{6,14,20,24,40, 46},,
{6,14,20,31,49, 55},,
{6,14,22,27,36, 43},,
{6,14,22,27,42, 52},,
{6,14,22,28,36, 45},,
{6,14,22,28,44, 52},,
{6,14,23,30,46, 55},,
{6,14,23,36,40, 49},,
{6,14,24,30,46, 56},,
{6,14,24,36,40, 51},,
{6,14,25,30,32, 43},,
{6,14,25,30,34, 45},,
{6,14,25,32,37, 52},,
{6,14,25,34,38, 52},,
{6,14,27,28,36, 54},,
{6,14,27,28,52, 53},,
{6,14,29,37,46, 55},,
{6,14,29,38,46, 56},,
{6,14,29,40,42, 49},,
{6,14,29,40,44, 51},,
{6,14,29,47,55, 56},,
{6,14,29,49,51, 53},,
{6,14,30,31,55, 56},,
{6,14,30,32,34, 54},,
{6,14,31,36,49, 51},,
{6,14,32,34,47, 52},,
{6,15,16,17,27, 56},,
{6,15,16,19,28, 55},,
{6,15,16,22,43, 45},,
{6,15,16,29,55, 56},,
{6,15,17,19,29, 54},,
{6,15,17,22,43, 46},,
{6,15,17,28,54, 56},,
{6,15,19,22,45, 46},,
{6,15,19,27,54, 55},,
{6,16,17,23,43, 44},,
{6,16,17,27,49, 50},,
{6,16,19,24,42, 45},,
{6,16,19,28,48, 51},,
{6,16,21,25,43, 45},,
{6,16,21,29,49, 51},,
{6,16,22,33,45, 51},,
{6,16,22,35,43, 49},,
{6,16,23,27,35, 40},,
{6,16,23,27,38, 54},,
{6,16,23,32,35, 46},,
{6,16,23,32,44, 54},,
{6,16,24,28,33, 40},,
{6,16,24,28,37, 54},,
{6,16,24,33,34, 46},,
{6,16,24,34,42, 54},,
{6,16,25,33,45, 56},,
{6,16,25,35,43, 55},,
{6,16,27,32,35, 52},,
{6,16,27,32,50, 54},,
{6,16,28,33,34, 52},,
{6,16,28,34,48, 54},,
{6,16,29,33,51, 56},,
{6,16,29,35,49, 55},,
{6,16,31,37,45, 51},,
{6,16,31,38,43, 49},,
{6,16,31,42,45, 56},,
{6,16,31,43,44, 55},,
{6,16,31,48,51, 56},,
{6,16,31,49,50, 55},,
{6,17,19,25,41, 46},,
{6,17,19,29,47, 52},,
{6,17,20,24,43, 46},,
{6,17,20,28,49, 52},,
{6,17,22,33,46, 52},,
{6,17,22,36,43, 49},,
{6,17,23,27,36, 40},,
{6,17,23,27,39, 55},,
{6,17,23,31,36, 45},,
{6,17,23,31,44, 55},,
{6,17,24,33,46, 56},,
{6,17,24,36,43, 54},,
{6,17,25,29,33, 40},,
{6,17,25,29,37, 55},,
{6,17,25,33,34, 45},,
{6,17,25,34,41, 55},,
{6,17,27,31,36, 51},,
{6,17,27,31,50, 55},,
{6,17,28,33,52, 56},,
{6,17,28,36,49, 54},,
{6,17,29,33,34, 51},,
{6,17,29,34,47, 55},,
{6,17,32,37,46, 52},,
{6,17,32,39,43, 49},,
{6,17,32,41,46, 56},,
{6,17,32,43,44, 54},,
{6,17,32,47,52, 56},,
{6,17,32,49,50, 54},,
{6,18,19,23,45, 46},,
{6,18,19,27,51, 52},,
{6,19,22,35,46, 52},,
{6,19,22,36,45, 51},,
{6,19,23,35,46, 55},,
{6,19,23,36,45, 54},,
{6,19,24,28,36, 40},,
{6,19,24,28,39, 56},,
{6,19,24,31,36, 43},,
{6,19,24,31,42, 56},,
{6,19,25,29,35, 40},,
{6,19,25,29,38, 56},,
{6,19,25,32,35, 43},,
{6,19,25,32,41, 56},,
{6,19,27,35,52, 55},,
{6,19,27,36,51, 54},,
{6,19,28,31,36, 49},,
{6,19,28,31,48, 56},,
{6,19,29,32,35, 49},,
{6,19,29,32,47, 56},,
{6,19,34,38,46, 52},,
{6,19,34,39,45, 51},,
{6,19,34,41,46, 55},,
{6,19,34,42,45, 54},,
{6,19,34,47,52, 55},,
{6,19,34,48,51, 54},,
{7,8,19,20,46, 47},,
{7,8,19,21,45, 48},,
{7,8,19,24,25, 27},,
{7,8,19,45,46, 49},,
{7,8,20,21,44, 49},,
{7,8,20,24,26, 27},,
{7,8,20,44,46, 48},,
{7,8,21,25,26, 27},,
{7,8,21,44,45, 47},,
{7,9,17,18,46, 47},,
{7,9,17,21,43, 50},,
{7,9,17,23,25, 28},,
{7,9,17,43,46, 51},,
{7,9,18,21,42, 51},,
{7,9,18,23,26, 28},,
{7,9,18,42,46, 50},,
{7,9,21,25,26, 28},,
{7,9,21,42,43, 47},,
{7,10,16,18,45, 48},,
{7,10,16,20,43, 50},,
{7,10,16,23,24, 29},,
{7,10,16,43,45, 52},,
{7,10,18,20,41, 52},,
{7,10,18,23,26, 29},,
{7,10,18,41,45, 50},,
{7,10,20,24,26, 29},,
{7,10,20,41,43, 48},,
{7,11,16,17,44, 49},,
{7,11,16,19,42, 51},,
{7,11,16,23,24, 30},,
{7,11,16,42,44, 52},,
{7,11,17,19,41, 52},,
{7,11,17,23,25, 30},,
{7,11,17,41,44, 51},,
{7,11,19,24,25, 30},,
{7,11,19,41,42, 49},,
{7,12,19,20,41, 52},,
{7,12,19,21,42, 51},,
{7,12,19,23,28, 29},,
{7,12,19,43,51, 52},,
{7,12,20,21,43, 50},,
{7,12,20,23,28, 30},,
{7,12,20,42,50, 52},,
{7,12,21,23,29, 30},,
{7,12,21,41,50, 51},,
{7,13,17,18,41, 52},,
{7,13,17,21,44, 49},,
{7,13,17,24,27, 29},,
{7,13,17,45,49, 52},,
{7,13,18,21,45, 48},,
{7,13,18,24,27, 30},,
{7,13,18,44,48, 52},,
{7,13,21,24,29, 30},,
{7,13,21,41,48, 49},,
{7,14,16,18,42, 51},,
{7,14,16,20,44, 49},,
{7,14,16,25,27, 28},,
{7,14,16,46,49, 51},,
{7,14,18,20,46, 47},,
{7,14,18,25,27, 30},,
{7,14,18,44,47, 51},,
{7,14,20,25,28, 30},,
{7,14,20,42,47, 49},,
{7,15,16,17,43, 50},,
{7,15,16,19,45, 48},,
{7,15,16,26,27, 28},,
{7,15,16,46,48, 50},,
{7,15,17,19,46, 47},,
{7,15,17,26,27, 29},,
{7,15,17,45,47, 50},,
{7,15,19,26,28, 29},,
{7,15,19,43,47, 48},,
{7,16,17,23,27, 34},,
{7,16,17,43,49, 56},,
{7,16,18,23,27, 35},,
{7,16,18,42,48, 56},,
{7,16,19,24,28, 32},,
{7,16,19,45,51, 55},,
{7,16,20,24,28, 33},,
{7,16,20,44,50, 55},,
{7,16,23,29,38, 42},,
{7,16,23,30,38, 43},,
{7,16,23,34,42, 47},,
{7,16,23,35,43, 47},,
{7,16,24,29,37, 44},,
{7,16,24,30,37, 45},,
{7,16,24,32,44, 47},,
{7,16,24,33,45, 47},,
{7,16,25,27,38, 48},,
{7,16,25,28,37, 50},,
{7,16,26,27,38, 49},,
{7,16,26,28,37, 51},,
{7,16,27,34,41, 48},,
{7,16,27,35,41, 49},,
{7,16,28,32,41, 50},,
{7,16,28,33,41, 51},,
{7,16,37,44,45, 52},,
{7,16,37,46,50, 51},,
{7,16,38,42,43, 52},,
{7,16,38,46,48, 49},,
{7,16,41,48,49, 56},,
{7,16,41,50,51, 55},,
{7,16,42,43,47, 56},,
{7,16,44,45,47, 55},,
{7,17,18,23,27, 36},,
{7,17,18,41,47, 56},,
{7,17,19,25,29, 31},,
{7,17,19,46,52, 54},,
{7,17,21,25,29, 33},,
{7,17,21,44,50, 54},,
{7,17,23,28,39, 41},,
{7,17,23,30,39, 43},,
{7,17,23,34,41, 48},,
{7,17,23,36,43, 48},,
{7,17,24,27,39, 47},,
{7,17,24,29,37, 50},,
{7,17,25,28,37, 44},,
{7,17,25,30,37, 46},,
{7,17,25,31,44, 48},,
{7,17,25,33,46, 48},,
{7,17,26,27,39, 49},,
{7,17,26,29,37, 52},,
{7,17,27,34,42, 47},,
{7,17,27,36,42, 49},,
{7,17,29,31,42, 50},,
{7,17,29,33,42, 52},,
{7,17,37,44,46, 51},,
{7,17,37,45,50, 52},,
{7,17,39,41,43, 51},,
{7,17,39,45,47, 49},,
{7,17,41,43,48, 56},,
{7,17,42,47,49, 56},,
{7,17,42,50,52, 54},,
{7,17,44,46,48, 54},,
{7,18,20,26,30, 31},,
{7,18,20,46,52, 53},,
{7,18,21,26,30, 32},,
{7,18,21,45,51, 53},,
{7,18,23,28,40, 41},,
{7,18,23,29,40, 42},,
{7,18,23,35,41, 49},,
{7,18,23,36,42, 49},,
{7,18,24,27,40, 47},,
{7,18,24,30,37, 51},,
{7,18,25,27,40, 48},,
{7,18,25,30,37, 52},,
{7,18,26,28,37, 45},,
{7,18,26,29,37, 46},,
{7,18,26,31,45, 49},,
{7,18,26,32,46, 49},,
{7,18,27,35,43, 47},,
{7,18,27,36,43, 48},,
{7,18,30,31,43, 51},,
{7,18,30,32,43, 52},,
{7,18,37,44,51, 52},,
{7,18,37,45,46, 50},,
{7,18,40,41,42, 50},,
{7,18,40,44,47, 48},,
{7,18,41,42,49, 56},,
{7,18,43,47,48, 56},,
{7,18,43,51,52, 53},,
{7,18,45,46,49, 53},,
{7,19,20,24,28, 36},,
{7,19,20,41,47, 55},,
{7,19,21,25,29, 35},,
{7,19,21,42,48, 54},,
{7,19,23,28,39, 47},,
{7,19,23,29,38, 48},,
{7,19,24,27,39, 41},,
{7,19,24,30,39, 45},,
{7,19,24,32,41, 50},,
{7,19,24,36,45, 50},,
{7,19,25,27,38, 42},,
{7,19,25,30,38, 46},,
{7,19,25,31,42, 50},,
{7,19,25,35,46, 50},,
{7,19,26,28,39, 51},,
{7,19,26,29,38, 52},,
{7,19,28,32,44, 47},,
{7,19,28,36,44, 51},,
{7,19,29,31,44, 48},,
{7,19,29,35,44, 52},,
{7,19,38,42,46, 49},,
{7,19,38,43,48, 52},,
{7,19,39,41,45, 49},,
{7,19,39,43,47, 51},,
{7,19,41,45,50, 55},,
{7,19,42,46,50, 54},,
{7,19,44,47,51, 55},,
{7,19,44,48,52, 54},,
{7,20,21,26,30, 34},,
{7,20,21,43,49, 53},,
{7,20,23,28,40, 47},,
{7,20,23,30,38, 49},,
{7,20,24,27,40, 41},,
{7,20,24,29,40, 44},,
{7,20,24,33,41, 51},,
{7,20,24,36,44, 51},,
{7,20,25,28,40, 50},,
{7,20,25,30,38, 52},,
{7,20,26,27,38, 43},,
{7,20,26,29,38, 46},,
{7,20,26,31,43, 51},,
{7,20,26,34,46, 51},,
{7,20,28,33,45, 47},,
{7,20,28,36,45, 50},,
{7,20,30,31,45, 49},,
{7,20,30,34,45, 52},,
{7,20,38,42,49, 52},,
{7,20,38,43,46, 48},,
{7,20,40,41,44, 48},,
{7,20,40,42,47, 50},,
{7,20,41,44,51, 55},,
{7,20,43,46,51, 53},,
{7,20,45,47,50, 55},,
{7,20,45,49,52, 53},,
{7,21,23,29,40, 48},,
{7,21,23,30,39, 49},,
{7,21,24,29,40, 50},,
{7,21,24,30,39, 51},,
{7,21,25,27,40, 42},,
{7,21,25,28,40, 44},,
{7,21,25,33,42, 52},,
{7,21,25,35,44, 52},,
{7,21,26,27,39, 43},,
{7,21,26,28,39, 45},,
{7,21,26,32,43, 52},,
{7,21,26,34,45, 52},,
{7,21,29,33,46, 48},,
{7,21,29,35,46, 50},,
{7,21,30,32,46, 49},,
{7,21,30,34,46, 51},,
{7,21,39,41,49, 51},,
{7,21,39,43,45, 47},,
{7,21,40,41,48, 50},,
{7,21,40,42,44, 47},,
{7,21,42,44,52, 54},,
{7,21,43,45,52, 53},,
{7,21,46,48,50, 54},,
{7,21,46,49,51, 53},,
{8,9,14,15,46, 47},,
{8,9,14,21,40, 53},,
{8,9,14,22,25, 31},,
{8,9,14,40,46, 54},,
{8,9,15,21,39, 54},,
{8,9,15,22,26, 31},,
{8,9,15,39,46, 53},,
{8,9,21,25,26, 31},,
{8,9,21,39,40, 47},,
{8,10,13,15,45, 48},,
{8,10,13,20,40, 53},,
{8,10,13,22,24, 32},,
{8,10,13,40,45, 55},,
{8,10,15,20,38, 55},,
{8,10,15,22,26, 32},,
{8,10,15,38,45, 53},,
{8,10,20,24,26, 32},,
{8,10,20,38,40, 48},,
{8,11,13,14,44, 49},,
{8,11,13,19,39, 54},,
{8,11,13,22,24, 33},,
{8,11,13,39,44, 55},,
{8,11,14,19,38, 55},,
{8,11,14,22,25, 33},,
{8,11,14,38,44, 54},,
{8,11,19,24,25, 33},,
{8,11,19,38,39, 49},,
{8,12,19,20,38, 55},,
{8,12,19,21,39, 54},,
{8,12,19,22,31, 32},,
{8,12,19,40,54, 55},,
{8,12,20,21,40, 53},,
{8,12,20,22,31, 33},,
{8,12,20,39,53, 55},,
{8,12,21,22,32, 33},,
{8,12,21,38,53, 54},,
{8,13,14,18,40, 53},,
{8,13,14,22,27, 34},,
{8,13,14,40,49, 56},,
{8,13,15,17,39, 54},,
{8,13,15,22,27, 35},,
{8,13,15,39,48, 56},,
{8,13,17,20,44, 49},,
{8,13,17,25,27, 31},,
{8,13,17,46,49, 54},,
{8,13,18,19,45, 48},,
{8,13,18,26,27, 31},,
{8,13,18,46,48, 53},,
{8,13,19,24,29, 31},,
{8,13,19,45,52, 54},,
{8,13,20,24,30, 31},,
{8,13,20,44,52, 53},,
{8,13,22,32,39, 41},,
{8,13,22,33,40, 41},,
{8,13,22,34,39, 47},,
{8,13,22,35,40, 47},,
{8,13,24,29,44, 47},,
{8,13,24,30,45, 47},,
{8,13,24,32,37, 44},,
{8,13,24,33,37, 45},,
{8,13,25,27,41, 48},,
{8,13,25,31,37, 53},,
{8,13,26,27,41, 49},,
{8,13,26,31,37, 54},,
{8,13,27,34,38, 48},,
{8,13,27,35,38, 49},,
{8,13,29,31,38, 53},,
{8,13,30,31,38, 54},,
{8,13,37,44,45, 55},,
{8,13,37,46,53, 54},,
{8,13,38,48,49, 56},,
{8,13,38,52,53, 54},,
{8,13,39,40,41, 55},,
{8,13,39,40,47, 56},,
{8,13,41,46,48, 49},,
{8,13,44,45,47, 52},,
{8,14,15,16,38, 55},,
{8,14,15,22,27, 36},,
{8,14,15,38,47, 56},,
{8,14,16,21,44, 49},,
{8,14,16,24,27, 32},,
{8,14,16,45,49, 55},,
{8,14,18,19,46, 47},,
{8,14,18,26,27, 32},,
{8,14,18,45,47, 53},,
{8,14,19,25,28, 32},,
{8,14,19,46,51, 55},,
{8,14,21,25,30, 32},,
{8,14,21,44,51, 53},,
{8,14,22,31,38, 42},,
{8,14,22,33,40, 42},,
{8,14,22,34,38, 48},,
{8,14,22,36,40, 48},,
{8,14,24,27,42, 47},,
{8,14,24,32,37, 53},,
{8,14,25,28,44, 48},,
{8,14,25,30,46, 48},,
{8,14,25,31,37, 44},,
{8,14,25,33,37, 46},,
{8,14,26,27,42, 49},,
{8,14,26,32,37, 55},,
{8,14,27,34,39, 47},,
{8,14,27,36,39, 49},,
{8,14,28,32,39, 53},,
{8,14,30,32,39, 55},,
{8,14,37,44,46, 54},,
{8,14,37,45,53, 55},,
{8,14,38,40,42, 54},,
{8,14,38,40,48, 56},,
{8,14,39,47,49, 56},,
{8,14,39,51,53, 55},,
{8,14,42,45,47, 49},,
{8,14,44,46,48, 51},,
{8,15,16,21,45, 48},,
{8,15,16,24,27, 33},,
{8,15,16,44,48, 55},,
{8,15,17,20,46, 47},,
{8,15,17,25,27, 33},,
{8,15,17,44,47, 54},,
{8,15,20,26,28, 33},,
{8,15,20,46,50, 55},,
{8,15,21,26,29, 33},,
{8,15,21,45,50, 54},,
{8,15,22,31,38, 43},,
{8,15,22,32,39, 43},,
{8,15,22,35,38, 49},,
{8,15,22,36,39, 49},,
{8,15,24,27,43, 47},,
{8,15,24,33,37, 54},,
{8,15,25,27,43, 48},,
{8,15,25,33,37, 55},,
{8,15,26,28,45, 49},,
{8,15,26,29,46, 49},,
{8,15,26,31,37, 45},,
{8,15,26,32,37, 46},,
{8,15,27,35,40, 47},,
{8,15,27,36,40, 48},,
{8,15,28,33,40, 54},,
{8,15,29,33,40, 55},,
{8,15,37,44,54, 55},,
{8,15,37,45,46, 53},,
{8,15,38,39,43, 53},,
{8,15,38,39,49, 56},,
{8,15,40,47,48, 56},,
{8,15,40,50,54, 55},,
{8,15,43,44,47, 48},,
{8,15,45,46,49, 50},,
{8,16,21,24,32, 33},,
{8,16,21,38,48, 49},,
{8,17,20,25,31, 33},,
{8,17,20,39,47, 49},,
{8,18,19,26,31, 32},,
{8,18,19,40,47, 48},,
{8,19,20,24,31, 36},,
{8,19,20,38,47, 52},,
{8,19,21,25,32, 35},,
{8,19,21,39,48, 51},,
{8,19,22,31,42, 47},,
{8,19,22,32,41, 48},,
{8,19,24,27,38, 42},,
{8,19,24,29,38, 53},,
{8,19,24,33,42, 45},,
{8,19,24,36,45, 53},,
{8,19,25,27,39, 41},,
{8,19,25,28,39, 53},,
{8,19,25,33,41, 46},,
{8,19,25,35,46, 53},,
{8,19,26,31,42, 54},,
{8,19,26,32,41, 55},,
{8,19,28,32,44, 48},,
{8,19,29,31,44, 47},,
{8,19,31,36,44, 54},,
{8,19,32,35,44, 55},,
{8,19,38,42,45, 49},,
{8,19,38,45,52, 53},,
{8,19,39,41,46, 49},,
{8,19,39,46,51, 53},,
{8,19,40,41,48, 55},,
{8,19,40,42,47, 54},,
{8,19,44,47,52, 54},,
{8,19,44,48,51, 55},,
{8,20,21,26,33, 34},,
{8,20,21,40,49, 50},,
{8,20,22,31,43, 47},,
{8,20,22,33,41, 49},,
{8,20,24,27,38, 43},,
{8,20,24,30,38, 54},,
{8,20,24,32,43, 44},,
{8,20,24,36,44, 54},,
{8,20,25,31,43, 53},,
{8,20,25,33,41, 55},,
{8,20,26,27,40, 41},,
{8,20,26,28,40, 54},,
{8,20,26,32,41, 46},,
{8,20,26,34,46, 54},,
{8,20,28,33,45, 49},,
{8,20,30,31,45, 47},,
{8,20,31,36,45, 53},,
{8,20,33,34,45, 55},,
{8,20,38,43,44, 48},,
{8,20,38,44,52, 54},,
{8,20,39,41,49, 55},,
{8,20,39,43,47, 53},,
{8,20,40,41,46, 48},,
{8,20,40,46,50, 54},,
{8,20,45,47,52, 53},,
{8,20,45,49,50, 55},,
{8,21,22,32,43, 48},,
{8,21,22,33,42, 49},,
{8,21,24,32,43, 53},,
{8,21,24,33,42, 54},,
{8,21,25,27,39, 43},,
{8,21,25,30,39, 55},,
{8,21,25,31,43, 44},,
{8,21,25,35,44, 55},,
{8,21,26,27,40, 42},,
{8,21,26,29,40, 55},,
{8,21,26,31,42, 45},,
{8,21,26,34,45, 55},,
{8,21,29,33,46, 49},,
{8,21,30,32,46, 48},,
{8,21,32,35,46, 53},,
{8,21,33,34,46, 54},,
{8,21,38,42,49, 54},,
{8,21,38,43,48, 53},,
{8,21,39,43,44, 47},,
{8,21,39,44,51, 55},,
{8,21,40,42,45, 47},,
{8,21,40,45,50, 55},,
{8,21,46,48,51, 53},,
{8,21,46,49,50, 54},,
{9,10,12,15,43, 50},,
{9,10,12,18,40, 53},,
{9,10,12,22,23, 34},,
{9,10,12,40,43, 56},,
{9,10,15,18,37, 56},,
{9,10,15,22,26, 34},,
{9,10,15,37,43, 53},,
{9,10,18,23,26, 34},,
{9,10,18,37,40, 50},,
{9,11,12,14,42, 51},,
{9,11,12,17,39, 54},,
{9,11,12,22,23, 35},,
{9,11,12,39,42, 56},,
{9,11,14,17,37, 56},,
{9,11,14,22,25, 35},,
{9,11,14,37,42, 54},,
{9,11,17,23,25, 35},,
{9,11,17,37,39, 51},,
{9,12,14,20,40, 53},,
{9,12,14,22,28, 32},,
{9,12,14,40,51, 55},,
{9,12,15,19,39, 54},,
{9,12,15,22,28, 33},,
{9,12,15,39,50, 55},,
{9,12,17,20,43, 50},,
{9,12,17,23,29, 31},,
{9,12,17,43,52, 54},,
{9,12,18,19,42, 51},,
{9,12,18,23,30, 31},,
{9,12,18,42,52, 53},,
{9,12,19,25,28, 31},,
{9,12,19,46,51, 54},,
{9,12,20,26,28, 31},,
{9,12,20,46,50, 53},,
{9,12,22,32,39, 47},,
{9,12,22,33,40, 47},,
{9,12,22,34,39, 41},,
{9,12,22,35,40, 41},,
{9,12,23,29,42, 47},,
{9,12,23,30,43, 47},,
{9,12,23,34,38, 42},,
{9,12,23,35,38, 43},,
{9,12,25,28,41, 50},,
{9,12,25,31,38, 53},,
{9,12,26,28,41, 51},,
{9,12,26,31,38, 54},,
{9,12,28,32,37, 50},,
{9,12,28,33,37, 51},,
{9,12,29,31,37, 53},,
{9,12,30,31,37, 54},,
{9,12,37,50,51, 55},,
{9,12,37,52,53, 54},,
{9,12,38,42,43, 56},,
{9,12,38,46,53, 54},,
{9,12,39,40,41, 56},,
{9,12,39,40,47, 55},,
{9,12,41,46,50, 51},,
{9,12,42,43,47, 52},,
{9,13,17,18,37, 56},,
{9,13,17,21,39, 54},,
{9,13,17,22,31, 34},,
{9,13,17,40,54, 56},,
{9,13,18,21,40, 53},,
{9,13,18,22,31, 35},,
{9,13,18,39,53, 56},,
{9,13,21,22,34, 35},,
{9,13,21,37,53, 54},,
{9,14,15,16,37, 56},,
{9,14,15,22,28, 36},,
{9,14,15,37,47, 55},,
{9,14,16,21,42, 51},,
{9,14,16,23,28, 34},,
{9,14,16,43,51, 56},,
{9,14,17,20,46, 47},,
{9,14,17,25,27, 34},,
{9,14,17,46,49, 56},,
{9,14,20,26,28, 34},,
{9,14,20,43,47, 53},,
{9,14,21,25,30, 34},,
{9,14,21,42,49, 53},,
{9,14,22,31,37, 44},,
{9,14,22,32,37, 50},,
{9,14,22,35,40, 44},,
{9,14,22,36,40, 50},,
{9,14,23,28,44, 47},,
{9,14,23,34,38, 53},,
{9,14,25,27,42, 50},,
{9,14,25,30,46, 50},,
{9,14,25,31,38, 42},,
{9,14,25,35,38, 46},,
{9,14,26,28,44, 51},,
{9,14,26,34,38, 56},,
{9,14,27,34,39, 53},,
{9,14,28,32,39, 47},,
{9,14,28,36,39, 51},,
{9,14,30,34,39, 56},,
{9,14,37,40,44, 54},,
{9,14,37,40,50, 55},,
{9,14,38,42,46, 54},,
{9,14,38,43,53, 56},,
{9,14,39,47,51, 55},,
{9,14,39,49,53, 56},,
{9,14,42,46,49, 50},,
{9,14,43,44,47, 51},,
{9,15,16,21,43, 50},,
{9,15,16,23,28, 35},,
{9,15,16,42,50, 56},,
{9,15,18,19,46, 47},,
{9,15,18,26,27, 35},,
{9,15,18,46,48, 56},,
{9,15,19,25,28, 35},,
{9,15,19,42,47, 54},,
{9,15,21,26,29, 35},,
{9,15,21,43,48, 54},,
{9,15,22,31,37, 45},,
{9,15,22,33,37, 51},,
{9,15,22,34,39, 45},,
{9,15,22,36,39, 51},,
{9,15,23,28,45, 47},,
{9,15,23,35,38, 54},,
{9,15,25,28,45, 50},,
{9,15,25,35,38, 56},,
{9,15,26,27,43, 51},,
{9,15,26,29,46, 51},,
{9,15,26,31,38, 43},,
{9,15,26,34,38, 46},,
{9,15,27,35,40, 54},,
{9,15,28,33,40, 47},,
{9,15,28,36,40, 50},,
{9,15,29,35,40, 56},,
{9,15,37,39,45, 53},,
{9,15,37,39,51, 55},,
{9,15,38,42,54, 56},,
{9,15,38,43,46, 53},,
{9,15,40,47,50, 55},,
{9,15,40,48,54, 56},,
{9,15,42,45,47, 50},,
{9,15,43,46,48, 51},,
{9,16,21,23,34, 35},,
{9,16,21,37,50, 51},,
{9,17,18,23,31, 36},,
{9,17,18,37,47, 52},,
{9,17,20,26,31, 34},,
{9,17,20,40,47, 50},,
{9,17,21,25,33, 34},,
{9,17,21,39,49, 50},,
{9,17,22,31,44, 47},,
{9,17,22,34,41, 50},,
{9,17,23,28,37, 44},,
{9,17,23,29,37, 53},,
{9,17,23,35,43, 44},,
{9,17,23,36,43, 53},,
{9,17,25,27,39, 53},,
{9,17,25,28,39, 41},,
{9,17,25,33,46, 53},,
{9,17,25,35,41, 46},,
{9,17,26,31,44, 54},,
{9,17,26,34,41, 56},,
{9,17,27,34,42, 50},,
{9,17,29,31,42, 47},,
{9,17,31,36,42, 54},,
{9,17,33,34,42, 56},,
{9,17,37,43,44, 51},,
{9,17,37,43,52, 53},,
{9,17,39,41,46, 51},,
{9,17,39,46,49, 53},,
{9,17,40,41,50, 56},,
{9,17,40,44,47, 54},,
{9,17,42,47,52, 54},,
{9,17,42,49,50, 56},,
{9,18,19,25,31, 35},,
{9,18,19,39,47, 51},,
{9,18,21,26,32, 35},,
{9,18,21,40,48, 51},,
{9,18,22,31,45, 47},,
{9,18,22,35,41, 51},,
{9,18,23,28,37, 45},,
{9,18,23,30,37, 54},,
{9,18,23,34,42, 45},,
{9,18,23,36,42, 54},,
{9,18,25,31,45, 53},,
{9,18,25,35,41, 56},,
{9,18,26,27,40, 54},,
{9,18,26,28,40, 41},,
{9,18,26,32,46, 54},,
{9,18,26,34,41, 46},,
{9,18,27,35,43, 51},,
{9,18,30,31,43, 47},,
{9,18,31,36,43, 53},,
{9,18,32,35,43, 56},,
{9,18,37,42,45, 50},,
{9,18,37,42,52, 54},,
{9,18,39,41,51, 56},,
{9,18,39,45,47, 53},,
{9,18,40,41,46, 50},,
{9,18,40,46,48, 54},,
{9,18,43,47,52, 53},,
{9,18,43,48,51, 56},,
{9,21,22,34,45, 50},,
{9,21,22,35,44, 51},,
{9,21,23,34,45, 53},,
{9,21,23,35,44, 54},,
{9,21,25,28,39, 45},,
{9,21,25,30,39, 56},,
{9,21,25,31,42, 45},,
{9,21,25,33,42, 56},,
{9,21,26,28,40, 44},,
{9,21,26,29,40, 56},,
{9,21,26,31,43, 44},,
{9,21,26,32,43, 56},,
{9,21,29,35,46, 51},,
{9,21,30,34,46, 50},,
{9,21,32,35,46, 54},,
{9,21,33,34,46, 53},,
{9,21,37,44,51, 54},,
{9,21,37,45,50, 53},,
{9,21,39,42,45, 47},,
{9,21,39,42,49, 56},,
{9,21,40,43,44, 47},,
{9,21,40,43,48, 56},,
{9,21,46,48,51, 54},,
{9,21,46,49,50, 53},,
{10,11,12,13,41, 52},,
{10,11,12,16,38, 55},,
{10,11,12,22,23, 36},,
{10,11,12,38,41, 56},,
{10,11,13,16,37, 56},,
{10,11,13,22,24, 36},,
{10,11,13,37,41, 55},,
{10,11,16,23,24, 36},,
{10,11,16,37,38, 52},,
{10,12,13,21,40, 53},,
{10,12,13,22,29, 31},,
{10,12,13,40,52, 54},,
{10,12,15,19,38, 55},,
{10,12,15,22,29, 33},,
{10,12,15,38,50, 54},,
{10,12,16,21,43, 50},,
{10,12,16,23,28, 32},,
{10,12,16,43,51, 55},,
{10,12,18,19,41, 52},,
{10,12,18,23,30, 32},,
{10,12,18,41,51, 53},,
{10,12,19,24,29, 32},,
{10,12,19,45,52, 55},,
{10,12,21,26,29, 32},,
{10,12,21,45,50, 53},,
{10,12,22,31,38, 48},,
{10,12,22,33,40, 48},,
{10,12,22,34,38, 42},,
{10,12,22,36,40, 42},,
{10,12,23,28,41, 48},,
{10,12,23,30,43, 48},,
{10,12,23,34,39, 41},,
{10,12,23,36,39, 43},,
{10,12,24,29,42, 50},,
{10,12,24,32,39, 53},,
{10,12,26,29,42, 52},,
{10,12,26,32,39, 55},,
{10,12,28,32,37, 53},,
{10,12,29,31,37, 50},,
{10,12,29,33,37, 52},,
{10,12,30,32,37, 55},,
{10,12,37,50,52, 54},,
{10,12,37,51,53, 55},,
{10,12,38,40,42, 56},,
{10,12,38,40,48, 54},,
{10,12,39,41,43, 56},,
{10,12,39,45,53, 55},,
{10,12,41,43,48, 51},,
{10,12,42,45,50, 52},,
{10,13,15,17,37, 56},,
{10,13,15,22,29, 35},,
{10,13,15,37,48, 54},,
{10,13,16,21,45, 48},,
{10,13,16,24,27, 34},,
{10,13,16,45,49, 56},,
{10,13,17,20,41, 52},,
{10,13,17,23,29, 34},,
{10,13,17,43,52, 56},,
{10,13,20,24,30, 34},,
{10,13,20,41,49, 53},,
{10,13,21,26,29, 34},,
{10,13,21,43,48, 53},,
{10,13,22,31,37, 50},,
{10,13,22,32,37, 44},,
{10,13,22,35,40, 50},,
{10,13,22,36,40, 44},,
{10,13,23,29,44, 48},,
{10,13,23,34,39, 53},,
{10,13,24,27,41, 50},,
{10,13,24,30,45, 50},,
{10,13,24,32,39, 41},,
{10,13,24,36,39, 45},,
{10,13,26,29,44, 52},,
{10,13,26,34,39, 56},,
{10,13,27,34,38, 53},,
{10,13,29,31,38, 48},,
{10,13,29,35,38, 52},,
{10,13,30,34,38, 56},,
{10,13,37,40,44, 55},,
{10,13,37,40,50, 54},,
{10,13,38,48,52, 54},,
{10,13,38,49,53, 56},,
{10,13,39,41,45, 55},,
{10,13,39,43,53, 56},,
{10,13,41,45,49, 50},,
{10,13,43,44,48, 52},,
{10,14,16,18,37, 56},,
{10,14,16,20,38, 55},,
{10,14,16,22,32, 34},,
{10,14,16,40,55, 56},,
{10,14,18,20,40, 53},,
{10,14,18,22,32, 36},,
{10,14,18,38,53, 56},,
{10,14,20,22,34, 36},,
{10,14,20,37,53, 55},,
{10,15,17,20,43, 50},,
{10,15,17,23,29, 36},,
{10,15,17,41,50, 56},,
{10,15,18,19,45, 48},,
{10,15,18,26,27, 36},,
{10,15,18,45,47, 56},,
{10,15,19,24,29, 36},,
{10,15,19,41,48, 55},,
{10,15,20,26,28, 36},,
{10,15,20,43,47, 55},,
{10,15,22,32,37, 46},,
{10,15,22,33,37, 52},,
{10,15,22,34,38, 46},,
{10,15,22,35,38, 52},,
{10,15,23,29,46, 48},,
{10,15,23,36,39, 55},,
{10,15,24,29,46, 50},,
{10,15,24,36,39, 56},,
{10,15,26,27,43, 52},,
{10,15,26,28,45, 52},,
{10,15,26,32,39, 43},,
{10,15,26,34,39, 45},,
{10,15,27,36,40, 55},,
{10,15,28,36,40, 56},,
{10,15,29,33,40, 48},,
{10,15,29,35,40, 50},,
{10,15,37,38,46, 53},,
{10,15,37,38,52, 54},,
{10,15,39,41,55, 56},,
{10,15,39,43,45, 53},,
{10,15,40,47,55, 56},,
{10,15,40,48,50, 54},,
{10,15,41,46,48, 50},,
{10,15,43,45,47, 52},,
{10,16,18,23,32, 35},,
{10,16,18,37,48, 51},,
{10,16,20,24,33, 34},,
{10,16,20,38,49, 50},,
{10,16,21,26,32, 34},,
{10,16,21,40,48, 50},,
{10,16,22,32,44, 48},,
{10,16,22,34,42, 50},,
{10,16,23,28,37, 53},,
{10,16,23,29,37, 44},,
{10,16,23,35,43, 53},,
{10,16,23,36,43, 44},,
{10,16,24,27,38, 53},,
{10,16,24,29,38, 42},,
{10,16,24,33,45, 53},,
{10,16,24,36,42, 45},,
{10,16,26,32,44, 55},,
{10,16,26,34,42, 56},,
{10,16,27,34,41, 50},,
{10,16,28,32,41, 48},,
{10,16,32,35,41, 55},,
{10,16,33,34,41, 56},,
{10,16,37,43,44, 52},,
{10,16,37,43,51, 53},,
{10,16,38,42,45, 52},,
{10,16,38,45,49, 53},,
{10,16,40,42,50, 56},,
{10,16,40,44,48, 55},,
{10,16,41,48,51, 55},,
{10,16,41,49,50, 56},,
{10,17,20,23,34, 36},,
{10,17,20,37,50, 52},,
{10,18,19,24,32, 36},,
{10,18,19,38,48, 52},,
{10,18,20,26,31, 36},,
{10,18,20,40,47, 52},,
{10,18,22,32,46, 48},,
{10,18,22,36,42, 52},,
{10,18,23,29,37, 46},,
{10,18,23,30,37, 55},,
{10,18,23,34,41, 46},,
{10,18,23,35,41, 55},,
{10,18,24,32,46, 53},,
{10,18,24,36,42, 56},,
{10,18,26,27,40, 55},,
{10,18,26,29,40, 42},,
{10,18,26,31,45, 55},,
{10,18,26,34,42, 45},,
{10,18,27,36,43, 52},,
{10,18,30,32,43, 48},,
{10,18,31,36,43, 56},,
{10,18,32,35,43, 53},,
{10,18,37,41,46, 50},,
{10,18,37,41,51, 55},,
{10,18,38,42,52, 56},,
{10,18,38,46,48, 53},,
{10,18,40,42,45, 50},,
{10,18,40,45,47, 55},,
{10,18,43,47,52, 56},,
{10,18,43,48,51, 53},,
{10,20,22,34,46, 50},,
{10,20,22,36,44, 52},,
{10,20,23,34,46, 53},,
{10,20,23,36,44, 55},,
{10,20,24,29,38, 46},,
{10,20,24,30,38, 56},,
{10,20,24,32,41, 46},,
{10,20,24,33,41, 56},,
{10,20,26,28,40, 56},,
{10,20,26,29,40, 44},,
{10,20,26,31,43, 56},,
{10,20,26,32,43, 44},,
{10,20,28,36,45, 52},,
{10,20,30,34,45, 50},,
{10,20,31,36,45, 55},,
{10,20,33,34,45, 53},,
{10,20,37,44,52, 55},,
{10,20,37,46,50, 53},,
{10,20,38,41,46, 48},,
{10,20,38,41,49, 56},,
{10,20,40,43,44, 48},,
{10,20,40,43,47, 56},,
{10,20,45,47,52, 55},,
{10,20,45,49,50, 53},,
{11,12,13,21,39, 54},,
{11,12,13,22,30, 31},,
{11,12,13,39,52, 53},,
{11,12,14,20,38, 55},,
{11,12,14,22,30, 32},,
{11,12,14,38,51, 53},,
{11,12,16,21,42, 51},,
{11,12,16,23,28, 33},,
{11,12,16,42,50, 55},,
{11,12,17,20,41, 52},,
{11,12,17,23,29, 33},,
{11,12,17,41,50, 54},,
{11,12,20,24,30, 33},,
{11,12,20,44,52, 55},,
{11,12,21,25,30, 33},,
{11,12,21,44,51, 54},,
{11,12,22,31,38, 49},,
{11,12,22,32,39, 49},,
{11,12,22,35,38, 43},,
{11,12,22,36,39, 43},,
{11,12,23,28,41, 49},,
{11,12,23,29,42, 49},,
{11,12,23,35,40, 41},,
{11,12,23,36,40, 42},,
{11,12,24,30,43, 51},,
{11,12,24,33,40, 54},,
{11,12,25,30,43, 52},,
{11,12,25,33,40, 55},,
{11,12,28,33,37, 54},,
{11,12,29,33,37, 55},,
{11,12,30,31,37, 51},,
{11,12,30,32,37, 52},,
{11,12,37,50,54, 55},,
{11,12,37,51,52, 53},,
{11,12,38,39,43, 56},,
{11,12,38,39,49, 53},,
{11,12,40,41,42, 56},,
{11,12,40,44,54, 55},,
{11,12,41,42,49, 50},,
{11,12,43,44,51, 52},,
{11,13,14,18,37, 56},,
{11,13,14,22,30, 34},,
{11,13,14,37,49, 53},,
{11,13,16,21,44, 49},,
{11,13,16,24,27, 35},,
{11,13,16,44,48, 56},,
{11,13,18,19,41, 52},,
{11,13,18,23,30, 35},,
{11,13,18,42,52, 56},,
{11,13,19,24,29, 35},,
{11,13,19,41,48, 54},,
{11,13,21,25,30, 35},,
{11,13,21,42,49, 54},,
{11,13,22,31,37, 51},,
{11,13,22,33,37, 45},,
{11,13,22,34,39, 51},,
{11,13,22,36,39, 45},,
{11,13,23,30,45, 49},,
{11,13,23,35,40, 54},,
{11,13,24,27,41, 51},,
{11,13,24,29,44, 51},,
{11,13,24,33,40, 41},,
{11,13,24,36,40, 44},,
{11,13,25,30,45, 52},,
{11,13,25,35,40, 56},,
{11,13,27,35,38, 54},,
{11,13,29,35,38, 56},,
{11,13,30,31,38, 49},,
{11,13,30,34,38, 52},,
{11,13,37,39,45, 55},,
{11,13,37,39,51, 53},,
{11,13,38,48,54, 56},,
{11,13,38,49,52, 53},,
{11,13,40,41,44, 55},,
{11,13,40,42,54, 56},,
{11,13,41,44,48, 51},,
{11,13,42,45,49, 52},,
{11,14,17,20,44, 49},,
{11,14,17,25,27, 36},,
{11,14,17,44,47, 56},,
{11,14,18,19,42, 51},,
{11,14,18,23,30, 36},,
{11,14,18,41,51, 56},,
{11,14,19,25,28, 36},,
{11,14,19,42,47, 55},,
{11,14,20,24,30, 36},,
{11,14,20,41,49, 55},,
{11,14,22,32,37, 52},,
{11,14,22,33,37, 46},,
{11,14,22,34,38, 52},,
{11,14,22,35,38, 46},,
{11,14,23,30,46, 49},,
{11,14,23,36,40, 55},,
{11,14,24,30,46, 51},,
{11,14,24,36,40, 56},,
{11,14,25,27,42, 52},,
{11,14,25,28,44, 52},,
{11,14,25,33,40, 42},,
{11,14,25,35,40, 44},,
{11,14,27,36,39, 55},,
{11,14,28,36,39, 56},,
{11,14,30,32,39, 49},,
{11,14,30,34,39, 51},,
{11,14,37,38,46, 54},,
{11,14,37,38,52, 53},,
{11,14,39,47,55, 56},,
{11,14,39,49,51, 53},,
{11,14,40,41,55, 56},,
{11,14,40,42,44, 54},,
{11,14,41,46,49, 51},,
{11,14,42,44,47, 52},,
{11,15,16,17,37, 56},,
{11,15,16,19,38, 55},,
{11,15,16,22,33, 35},,
{11,15,16,39,55, 56},,
{11,15,17,19,39, 54},,
{11,15,17,22,33, 36},,
{11,15,17,38,54, 56},,
{11,15,19,22,35, 36},,
{11,15,19,37,54, 55},,
{11,16,17,23,33, 34},,
{11,16,17,37,49, 50},,
{11,16,19,24,32, 35},,
{11,16,19,38,48, 51},,
{11,16,21,25,33, 35},,
{11,16,21,39,49, 51},,
{11,16,22,33,45, 49},,
{11,16,22,35,43, 51},,
{11,16,23,28,37, 54},,
{11,16,23,30,37, 45},,
{11,16,23,34,42, 54},,
{11,16,23,36,42, 45},,
{11,16,24,27,38, 54},,
{11,16,24,30,38, 43},,
{11,16,24,32,44, 54},,
{11,16,24,36,43, 44},,
{11,16,25,33,45, 55},,
{11,16,25,35,43, 56},,
{11,16,27,35,41, 51},,
{11,16,28,33,41, 49},,
{11,16,32,35,41, 56},,
{11,16,33,34,41, 55},,
{11,16,37,42,45, 52},,
{11,16,37,42,50, 54},,
{11,16,38,43,44, 52},,
{11,16,38,44,48, 54},,
{11,16,39,43,51, 56},,
{11,16,39,45,49, 55},,
{11,16,41,48,51, 56},,
{11,16,41,49,50, 55},,
{11,17,19,25,31, 36},,
{11,17,19,39,47, 52},,
{11,17,20,24,33, 36},,
{11,17,20,38,49, 52},,
{11,17,22,33,46, 49},,
{11,17,22,36,43, 52},,
{11,17,23,29,37, 55},,
{11,17,23,30,37, 46},,
{11,17,23,34,41, 55},,
{11,17,23,35,41, 46},,
{11,17,24,33,46, 54},,
{11,17,24,36,43, 56},,
{11,17,25,27,39, 55},,
{11,17,25,30,39, 43},,
{11,17,25,31,44, 55},,
{11,17,25,35,43, 44},,
{11,17,27,36,42, 52},,
{11,17,29,33,42, 49},,
{11,17,31,36,42, 56},,
{11,17,33,34,42, 54},,
{11,17,37,41,46, 51},,
{11,17,37,41,50, 55},,
{11,17,38,43,52, 56},,
{11,17,38,46,49, 54},,
{11,17,39,43,44, 51},,
{11,17,39,44,47, 55},,
{11,17,42,47,52, 56},,
{11,17,42,49,50, 54},,
{11,18,19,23,35, 36},,
{11,18,19,37,51, 52},,
{11,19,22,35,46, 51},,
{11,19,22,36,45, 52},,
{11,19,23,35,46, 54},,
{11,19,23,36,45, 55},,
{11,19,24,29,38, 56},,
{11,19,24,30,38, 46},,
{11,19,24,32,41, 56},,
{11,19,24,33,41, 46},,
{11,19,25,28,39, 56},,
{11,19,25,30,39, 45},,
{11,19,25,31,42, 56},,
{11,19,25,33,42, 45},,
{11,19,28,36,44, 52},,
{11,19,29,35,44, 51},,
{11,19,31,36,44, 55},,
{11,19,32,35,44, 54},,
{11,19,37,45,52, 55},,
{11,19,37,46,51, 54},,
{11,19,38,41,46, 49},,
{11,19,38,41,48, 56},,
{11,19,39,42,45, 49},,
{11,19,39,42,47, 56},,
{11,19,44,47,52, 55},,
{11,19,44,48,51, 54},,
{12,13,21,29,30, 31},,
{12,13,21,39,40, 41},,
{12,14,20,28,30, 32},,
{12,14,20,38,40, 42},,
{12,15,19,28,29, 33},,
{12,15,19,38,39, 43},,
{12,16,21,28,32, 33},,
{12,16,21,38,42, 43},,
{12,17,20,29,31, 33},,
{12,17,20,39,41, 43},,
{12,18,19,30,31, 32},,
{12,18,19,40,41, 42},,
{12,19,20,28,31, 36},,
{12,19,20,38,41, 46},,
{12,19,21,29,32, 35},,
{12,19,21,39,42, 45},,
{12,19,22,31,41, 48},,
{12,19,22,32,42, 47},,
{12,19,23,28,38, 48},,
{12,19,23,29,39, 47},,
{12,19,24,29,39, 53},,
{12,19,24,32,42, 50},,
{12,19,25,28,38, 53},,
{12,19,25,31,41, 50},,
{12,19,28,33,48, 51},,
{12,19,28,36,51, 53},,
{12,19,29,33,47, 52},,
{12,19,29,35,52, 53},,
{12,19,30,31,48, 54},,
{12,19,30,32,47, 55},,
{12,19,31,36,50, 54},,
{12,19,32,35,50, 55},,
{12,19,38,43,48, 51},,
{12,19,38,46,51, 53},,
{12,19,39,43,47, 52},,
{12,19,39,45,52, 53},,
{12,19,40,41,48, 54},,
{12,19,40,42,47, 55},,
{12,19,41,46,50, 54},,
{12,19,42,45,50, 55},,
{12,20,21,30,33, 34},,
{12,20,21,40,43, 44},,
{12,20,22,31,41, 49},,
{12,20,22,33,43, 47},,
{12,20,23,28,38, 49},,
{12,20,23,30,40, 47},,
{12,20,24,30,40, 54},,
{12,20,24,33,43, 51},,
{12,20,26,28,38, 54},,
{12,20,26,31,41, 51},,
{12,20,28,32,49, 50},,
{12,20,28,36,50, 54},,
{12,20,29,31,49, 53},,
{12,20,29,33,47, 55},,
{12,20,30,32,47, 52},,
{12,20,30,34,52, 54},,
{12,20,31,36,51, 53},,
{12,20,33,34,51, 55},,
{12,20,38,42,49, 50},,
{12,20,38,46,50, 54},,
{12,20,39,41,49, 53},,
{12,20,39,43,47, 55},,
{12,20,40,42,47, 52},,
{12,20,40,44,52, 54},,
{12,20,41,46,51, 53},,
{12,20,43,44,51, 55},,
{12,21,22,32,42, 49},,
{12,21,22,33,43, 48},,
{12,21,23,29,39, 49},,
{12,21,23,30,40, 48},,
{12,21,25,30,40, 55},,
{12,21,25,33,43, 52},,
{12,21,26,29,39, 55},,
{12,21,26,32,42, 52},,
{12,21,28,32,49, 53},,
{12,21,28,33,48, 54},,
{12,21,29,31,49, 50},,
{12,21,29,35,50, 55},,
{12,21,30,31,48, 51},,
{12,21,30,34,51, 55},,
{12,21,32,35,52, 53},,
{12,21,33,34,52, 54},,
{12,21,38,42,49, 53},,
{12,21,38,43,48, 54},,
{12,21,39,41,49, 50},,
{12,21,39,45,50, 55},,
{12,21,40,41,48, 51},,
{12,21,40,44,51, 55},,
{12,21,42,45,52, 53},,
{12,21,43,44,52, 54},,
{13,14,18,27,30, 34},,
{13,14,18,37,40, 44},,
{13,15,17,27,29, 35},,
{13,15,17,37,39, 45},,
{13,16,21,27,34, 35},,
{13,16,21,37,44, 45},,
{13,17,18,27,31, 36},,
{13,17,18,37,41, 46},,
{13,17,20,30,31, 34},,
{13,17,20,40,41, 44},,
{13,17,21,29,33, 34},,
{13,17,21,39,43, 44},,
{13,17,22,31,41, 50},,
{13,17,22,34,44, 47},,
{13,17,23,29,39, 53},,
{13,17,23,34,44, 48},,
{13,17,24,27,37, 50},,
{13,17,24,29,39, 47},,
{13,17,25,27,37, 53},,
{13,17,25,31,41, 48},,
{13,17,27,35,49, 50},,
{13,17,27,36,49, 53},,
{13,17,29,33,52, 53},,
{13,17,29,35,47, 52},,
{13,17,30,31,50, 54},,
{13,17,30,34,47, 56},,
{13,17,31,36,48, 54},,
{13,17,33,34,48, 56},,
{13,17,37,45,49, 50},,
{13,17,37,46,49, 53},,
{13,17,39,43,52, 53},,
{13,17,39,45,47, 52},,
{13,17,40,41,50, 54},,
{13,17,40,44,47, 56},,
{13,17,41,46,48, 54},,
{13,17,43,44,48, 56},,
{13,18,19,29,31, 35},,
{13,18,19,39,41, 45},,
{13,18,21,30,32, 35},,
{13,18,21,40,42, 45},,
{13,18,22,31,41, 51},,
{13,18,22,35,45, 47},,
{13,18,23,30,40, 54},,
{13,18,23,35,45, 49},,
{13,18,24,27,37, 51},,
{13,18,24,30,40, 47},,
{13,18,26,27,37, 54},,
{13,18,26,31,41, 49},,
{13,18,27,34,48, 51},,
{13,18,27,36,48, 54},,
{13,18,29,31,51, 53},,
{13,18,29,35,47, 56},,
{13,18,30,32,52, 54},,
{13,18,30,34,47, 52},,
{13,18,31,36,49, 53},,
{13,18,32,35,49, 56},,
{13,18,37,44,48, 51},,
{13,18,37,46,48, 54},,
{13,18,39,41,51, 53},,
{13,18,39,45,47, 56},,
{13,18,40,42,52, 54},,
{13,18,40,44,47, 52},,
{13,18,41,46,49, 53},,
{13,18,42,45,49, 56},,
{13,21,22,34,44, 51},,
{13,21,22,35,45, 50},,
{13,21,24,29,39, 51},,
{13,21,24,30,40, 50},,
{13,21,25,30,40, 56},,
{13,21,25,35,45, 52},,
{13,21,26,29,39, 56},,
{13,21,26,34,44, 52},,
{13,21,27,34,51, 53},,
{13,21,27,35,50, 54},,
{13,21,29,31,48, 51},,
{13,21,29,33,48, 56},,
{13,21,30,31,49, 50},,
{13,21,30,32,49, 56},,
{13,21,32,35,52, 54},,
{13,21,33,34,52, 53},,
{13,21,37,44,51, 53},,
{13,21,37,45,50, 54},,
{13,21,39,41,48, 51},,
{13,21,39,43,48, 56},,
{13,21,40,41,49, 50},,
{13,21,40,42,49, 56},,
{13,21,42,45,52, 54},,
{13,21,43,44,52, 53},,
{14,15,16,27,28, 36},,
{14,15,16,37,38, 46},,
{14,16,18,27,32, 35},,
{14,16,18,37,42, 45},,
{14,16,20,28,33, 34},,
{14,16,20,38,43, 44},,
{14,16,21,30,32, 34},,
{14,16,21,40,42, 44},,
{14,16,22,32,42, 50},,
{14,16,22,34,44, 48},,
{14,16,23,28,38, 53},,
{14,16,23,34,44, 47},,
{14,16,24,27,37, 53},,
{14,16,24,32,42, 47},,
{14,16,25,27,37, 50},,
{14,16,25,28,38, 48},,
{14,16,27,35,49, 53},,
{14,16,27,36,49, 50},,
{14,16,28,33,51, 53},,
{14,16,28,36,48, 51},,
{14,16,30,32,50, 55},,
{14,16,30,34,48, 56},,
{14,16,32,35,47, 55},,
{14,16,33,34,47, 56},,
{14,16,37,45,49, 53},,
{14,16,37,46,49, 50},,
{14,16,38,43,51, 53},,
{14,16,38,46,48, 51},,
{14,16,40,42,50, 55},,
{14,16,40,44,48, 56},,
{14,16,42,45,47, 55},,
{14,16,43,44,47, 56},,
{14,17,20,27,34, 36},,
{14,17,20,37,44, 46},,
{14,18,19,28,32, 36},,
{14,18,19,38,42, 46},,
{14,18,20,30,31, 36},,
{14,18,20,40,41, 46},,
{14,18,22,32,42, 52},,
{14,18,22,36,46, 48},,
{14,18,23,30,40, 55},,
{14,18,23,36,46, 49},,
{14,18,25,27,37, 52},,
{14,18,25,30,40, 48},,
{14,18,26,27,37, 55},,
{14,18,26,32,42, 49},,
{14,18,27,34,47, 52},,
{14,18,27,35,47, 55},,
{14,18,28,32,52, 53},,
{14,18,28,36,48, 56},,
{14,18,30,31,51, 55},,
{14,18,30,34,48, 51},,
{14,18,31,36,49, 56},,
{14,18,32,35,49, 53},,
{14,18,37,44,47, 52},,
{14,18,37,45,47, 55},,
{14,18,38,42,52, 53},,
{14,18,38,46,48, 56},,
{14,18,40,41,51, 55},,
{14,18,40,44,48, 51},,
{14,18,41,46,49, 56},,
{14,18,42,45,49, 53},,
{14,20,22,34,44, 52},,
{14,20,22,36,46, 50},,
{14,20,24,30,40, 56},,
{14,20,24,36,46, 51},,
{14,20,25,28,38, 52},,
{14,20,25,30,40, 50},,
{14,20,26,28,38, 56},,
{14,20,26,34,44, 51},,
{14,20,27,34,52, 53},,
{14,20,27,36,50, 55},,
{14,20,28,32,47, 52},,
{14,20,28,33,47, 56},,
{14,20,30,31,49, 56},,
{14,20,30,32,49, 50},,
{14,20,31,36,51, 55},,
{14,20,33,34,51, 53},,
{14,20,37,44,52, 53},,
{14,20,37,46,50, 55},,
{14,20,38,42,47, 52},,
{14,20,38,43,47, 56},,
{14,20,40,41,49, 56},,
{14,20,40,42,49, 50},,
{14,20,41,46,51, 55},,
{14,20,43,44,51, 53},,
{15,16,17,27,33, 34},,
{15,16,17,37,43, 44},,
{15,16,19,28,32, 35},,
{15,16,19,38,42, 45},,
{15,16,21,29,33, 35},,
{15,16,21,39,43, 45},,
{15,16,22,33,43, 51},,
{15,16,22,35,45, 49},,
{15,16,23,28,38, 54},,
{15,16,23,35,45, 47},,
{15,16,24,27,37, 54},,
{15,16,24,33,43, 47},,
{15,16,26,27,37, 51},,
{15,16,26,28,38, 49},,
{15,16,27,34,48, 54},,
{15,16,27,36,48, 51},,
{15,16,28,32,50, 54},,
{15,16,28,36,49, 50},,
{15,16,29,33,51, 55},,
{15,16,29,35,49, 56},,
{15,16,32,35,47, 56},,
{15,16,33,34,47, 55},,
{15,16,37,44,48, 54},,
{15,16,37,46,48, 51},,
{15,16,38,42,50, 54},,
{15,16,38,46,49, 50},,
{15,16,39,43,51, 55},,
{15,16,39,45,49, 56},,
{15,16,42,45,47, 56},,
{15,16,43,44,47, 55},,
{15,17,19,29,31, 36},,
{15,17,19,39,41, 46},,
{15,17,20,28,33, 36},,
{15,17,20,38,43, 46},,
{15,17,22,33,43, 52},,
{15,17,22,36,46, 49},,
{15,17,23,29,39, 55},,
{15,17,23,36,46, 48},,
{15,17,25,27,37, 55},,
{15,17,25,33,43, 48},,
{15,17,26,27,37, 52},,
{15,17,26,29,39, 49},,
{15,17,27,34,47, 55},,
{15,17,27,35,47, 52},,
{15,17,28,33,52, 54},,
{15,17,28,36,49, 56},,
{15,17,29,31,50, 55},,
{15,17,29,35,49, 50},,
{15,17,31,36,48, 56},,
{15,17,33,34,48, 54},,
{15,17,37,44,47, 55},,
{15,17,37,45,47, 52},,
{15,17,38,43,52, 54},,
{15,17,38,46,49, 56},,
{15,17,39,41,50, 55},,
{15,17,39,45,49, 50},,
{15,17,41,46,48, 56},,
{15,17,43,44,48, 54},,
{15,18,19,27,35, 36},,
{15,18,19,37,45, 46},,
{15,19,22,35,45, 52},,
{15,19,22,36,46, 51},,
{15,19,24,29,39, 56},,
{15,19,24,36,46, 50},,
{15,19,25,28,38, 56},,
{15,19,25,35,45, 50},,
{15,19,26,28,38, 52},,
{15,19,26,29,39, 51},,
{15,19,27,35,52, 54},,
{15,19,27,36,51, 55},,
{15,19,28,32,47, 56},,
{15,19,28,33,47, 52},,
{15,19,29,31,48, 56},,
{15,19,29,33,48, 51},,
{15,19,31,36,50, 55},,
{15,19,32,35,50, 54},,
{15,19,37,45,52, 54},,
{15,19,37,46,51, 55},,
{15,19,38,42,47, 56},,
{15,19,38,43,47, 52},,
{15,19,39,41,48, 56},,
{15,19,39,43,48, 51},,
{15,19,41,46,50, 55},,
{15,19,42,45,50, 54},,
{16,21,23,34,44, 54},,
{16,21,23,35,45, 53},,
{16,21,24,32,42, 54},,
{16,21,24,33,43, 53},,
{16,21,25,33,43, 56},,
{16,21,25,35,45, 55},,
{16,21,26,32,42, 56},,
{16,21,26,34,44, 55},,
{16,21,27,34,50, 54},,
{16,21,27,35,51, 53},,
{16,21,28,32,48, 54},,
{16,21,28,33,49, 53},,
{16,21,29,33,49, 56},,
{16,21,29,35,51, 55},,
{16,21,30,32,48, 56},,
{16,21,30,34,50, 55},,
{16,21,37,44,50, 54},,
{16,21,37,45,51, 53},,
{16,21,38,42,48, 54},,
{16,21,38,43,49, 53},,
{16,21,39,43,49, 56},,
{16,21,39,45,51, 55},,
{16,21,40,42,48, 56},,
{16,21,40,44,50, 55},,
{17,20,23,34,44, 55},,
{17,20,23,36,46, 53},,
{17,20,24,33,43, 56},,
{17,20,24,36,46, 54},,
{17,20,25,31,41, 55},,
{17,20,25,33,43, 53},,
{17,20,26,31,41, 56},,
{17,20,26,34,44, 54},,
{17,20,27,34,50, 55},,
{17,20,27,36,52, 53},,
{17,20,28,33,49, 56},,
{17,20,28,36,52, 54},,
{17,20,29,31,47, 55},,
{17,20,29,33,49, 53},,
{17,20,30,31,47, 56},,
{17,20,30,34,50, 54},,
{17,20,37,44,50, 55},,
{17,20,37,46,52, 53},,
{17,20,38,43,49, 56},,
{17,20,38,46,52, 54},,
{17,20,39,41,47, 55},,
{17,20,39,43,49, 53},,
{17,20,40,41,47, 56},,
{17,20,40,44,50, 54},,
{18,19,23,35,45, 55},,
{18,19,23,36,46, 54},,
{18,19,24,32,42, 56},,
{18,19,24,36,46, 53},,
{18,19,25,31,41, 56},,
{18,19,25,35,45, 53},,
{18,19,26,31,41, 55},,
{18,19,26,32,42, 54},,
{18,19,27,35,51, 55},,
{18,19,27,36,52, 54},,
{18,19,28,32,48, 56},,
{18,19,28,36,52, 53},,
{18,19,29,31,47, 56},,
{18,19,29,35,51, 53},,
{18,19,30,31,47, 55},,
{18,19,30,32,48, 54},,
{18,19,37,45,51, 55},,
{18,19,37,46,52, 54},,
{18,19,38,42,48, 56},,
{18,19,38,46,52, 53},,
{18,19,39,41,47, 56},,
{18,19,39,45,51, 53},,
{18,19,40,41,47, 55},,
{18,19,40,42,48, 54},,
{22,23,34,35,46, 47},,
{22,23,34,36,45, 48},,
{22,23,34,45,46, 49},,
{22,23,35,36,44, 49},,
{22,23,35,44,46, 48},,
{22,23,36,44,45, 47},,
{22,24,32,33,46, 47},,
{22,24,32,36,43, 50},,
{22,24,32,43,46, 51},,
{22,24,33,36,42, 51},,
{22,24,33,42,46, 50},,
{22,24,36,42,43, 47},,
{22,25,31,33,45, 48},,
{22,25,31,35,43, 50},,
{22,25,31,43,45, 52},,
{22,25,33,35,41, 52},,
{22,25,33,41,45, 50},,
{22,25,35,41,43, 48},,
{22,26,31,32,44, 49},,
{22,26,31,34,42, 51},,
{22,26,31,42,44, 52},,
{22,26,32,34,41, 52},,
{22,26,32,41,44, 51},,
{22,26,34,41,42, 49},,
{22,27,34,35,41, 52},,
{22,27,34,36,42, 51},,
{22,27,34,43,51, 52},,
{22,27,35,36,43, 50},,
{22,27,35,42,50, 52},,
{22,27,36,41,50, 51},,
{22,28,32,33,41, 52},,
{22,28,32,36,44, 49},,
{22,28,32,45,49, 52},,
{22,28,33,36,45, 48},,
{22,28,33,44,48, 52},,
{22,28,36,41,48, 49},,
{22,29,31,33,42, 51},,
{22,29,31,35,44, 49},,
{22,29,31,46,49, 51},,
{22,29,33,35,46, 47},,
{22,29,33,44,47, 51},,
{22,29,35,42,47, 49},,
{22,30,31,32,43, 50},,
{22,30,31,34,45, 48},,
{22,30,31,46,48, 50},,
{22,30,32,34,46, 47},,
{22,30,32,45,47, 50},,
{22,30,34,43,47, 48},,
{22,31,32,43,49, 56},,
{22,31,33,42,48, 56},,
{22,31,34,45,51, 55},,
{22,31,35,44,50, 55},,
{22,31,37,44,45, 52},,
{22,31,37,46,50, 51},,
{22,31,38,42,43, 52},,
{22,31,38,46,48, 49},,
{22,31,41,48,49, 56},,
{22,31,41,50,51, 55},,
{22,31,42,43,47, 56},,
{22,31,44,45,47, 55},,
{22,32,33,41,47, 56},,
{22,32,34,46,52, 54},,
{22,32,36,44,50, 54},,
{22,32,37,44,46, 51},,
{22,32,37,45,50, 52},,
{22,32,39,41,43, 51},,
{22,32,39,45,47, 49},,
{22,32,41,43,48, 56},,
{22,32,42,47,49, 56},,
{22,32,42,50,52, 54},,
{22,32,44,46,48, 54},,
{22,33,35,46,52, 53},,
{22,33,36,45,51, 53},,
{22,33,37,44,51, 52},,
{22,33,37,45,46, 50},,
{22,33,40,41,42, 50},,
{22,33,40,44,47, 48},,
{22,33,41,42,49, 56},,
{22,33,43,47,48, 56},,
{22,33,43,51,52, 53},,
{22,33,45,46,49, 53},,
{22,34,35,41,47, 55},,
{22,34,36,42,48, 54},,
{22,34,38,42,46, 49},,
{22,34,38,43,48, 52},,
{22,34,39,41,45, 49},,
{22,34,39,43,47, 51},,
{22,34,41,45,50, 55},,
{22,34,42,46,50, 54},,
{22,34,44,47,51, 55},,
{22,34,44,48,52, 54},,
{22,35,36,43,49, 53},,
{22,35,38,42,49, 52},,
{22,35,38,43,46, 48},,
{22,35,40,41,44, 48},,
{22,35,40,42,47, 50},,
{22,35,41,44,51, 55},,
{22,35,43,46,51, 53},,
{22,35,45,47,50, 55},,
{22,35,45,49,52, 53},,
{22,36,39,41,49, 51},,
{22,36,39,43,45, 47},,
{22,36,40,41,48, 50},,
{22,36,40,42,44, 47},,
{22,36,42,44,52, 54},,
{22,36,43,45,52, 53},,
{22,36,46,48,50, 54},,
{22,36,46,49,51, 53},,
{23,24,29,30,46, 47},,
{23,24,29,36,40, 53},,
{23,24,29,40,46, 54},,
{23,24,30,36,39, 54},,
{23,24,30,39,46, 53},,
{23,24,36,39,40, 47},,
{23,25,28,30,45, 48},,
{23,25,28,35,40, 53},,
{23,25,28,40,45, 55},,
{23,25,30,35,38, 55},,
{23,25,30,38,45, 53},,
{23,25,35,38,40, 48},,
{23,26,28,29,44, 49},,
{23,26,28,34,39, 54},,
{23,26,28,39,44, 55},,
{23,26,29,34,38, 55},,
{23,26,29,38,44, 54},,
{23,26,34,38,39, 49},,
{23,27,34,35,38, 55},,
{23,27,34,36,39, 54},,
{23,27,34,40,54, 55},,
{23,27,35,36,40, 53},,
{23,27,35,39,53, 55},,
{23,27,36,38,53, 54},,
{23,28,29,33,40, 53},,
{23,28,29,40,49, 56},,
{23,28,30,32,39, 54},,
{23,28,30,39,48, 56},,
{23,28,32,35,44, 49},,
{23,28,32,46,49, 54},,
{23,28,33,34,45, 48},,
{23,28,33,46,48, 53},,
{23,28,34,45,52, 54},,
{23,28,35,44,52, 53},,
{23,28,37,44,45, 55},,
{23,28,37,46,53, 54},,
{23,28,38,48,49, 56},,
{23,28,38,52,53, 54},,
{23,28,39,40,41, 55},,
{23,28,39,40,47, 56},,
{23,28,41,46,48, 49},,
{23,28,44,45,47, 52},,
{23,29,30,31,38, 55},,
{23,29,30,38,47, 56},,
{23,29,31,36,44, 49},,
{23,29,31,45,49, 55},,
{23,29,33,34,46, 47},,
{23,29,33,45,47, 53},,
{23,29,34,46,51, 55},,
{23,29,36,44,51, 53},,
{23,29,37,44,46, 54},,
{23,29,37,45,53, 55},,
{23,29,38,40,42, 54},,
{23,29,38,40,48, 56},,
{23,29,39,47,49, 56},,
{23,29,39,51,53, 55},,
{23,29,42,45,47, 49},,
{23,29,44,46,48, 51},,
{23,30,31,36,45, 48},,
{23,30,31,44,48, 55},,
{23,30,32,35,46, 47},,
{23,30,32,44,47, 54},,
{23,30,35,46,50, 55},,
{23,30,36,45,50, 54},,
{23,30,37,44,54, 55},,
{23,30,37,45,46, 53},,
{23,30,38,39,43, 53},,
{23,30,38,39,49, 56},,
{23,30,40,47,48, 56},,
{23,30,40,50,54, 55},,
{23,30,43,44,47, 48},,
{23,30,45,46,49, 50},,
{23,31,36,38,48, 49},,
{23,32,35,39,47, 49},,
{23,33,34,40,47, 48},,
{23,34,35,38,47, 52},,
{23,34,36,39,48, 51},,
{23,34,38,42,45, 49},,
{23,34,38,45,52, 53},,
{23,34,39,41,46, 49},,
{23,34,39,46,51, 53},,
{23,34,40,41,48, 55},,
{23,34,40,42,47, 54},,
{23,34,44,47,52, 54},,
{23,34,44,48,51, 55},,
{23,35,36,40,49, 50},,
{23,35,38,43,44, 48},,
{23,35,38,44,52, 54},,
{23,35,39,41,49, 55},,
{23,35,39,43,47, 53},,
{23,35,40,41,46, 48},,
{23,35,40,46,50, 54},,
{23,35,45,47,52, 53},,
{23,35,45,49,50, 55},,
{23,36,38,42,49, 54},,
{23,36,38,43,48, 53},,
{23,36,39,43,44, 47},,
{23,36,39,44,51, 55},,
{23,36,40,42,45, 47},,
{23,36,40,45,50, 55},,
{23,36,46,48,51, 53},,
{23,36,46,49,50, 54},,
{24,25,27,30,43, 50},,
{24,25,27,33,40, 53},,
{24,25,27,40,43, 56},,
{24,25,30,33,37, 56},,
{24,25,30,37,43, 53},,
{24,25,33,37,40, 50},,
{24,26,27,29,42, 51},,
{24,26,27,32,39, 54},,
{24,26,27,39,42, 56},,
{24,26,29,32,37, 56},,
{24,26,29,37,42, 54},,
{24,26,32,37,39, 51},,
{24,27,29,35,40, 53},,
{24,27,29,40,51, 55},,
{24,27,30,34,39, 54},,
{24,27,30,39,50, 55},,
{24,27,32,35,43, 50},,
{24,27,32,43,52, 54},,
{24,27,33,34,42, 51},,
{24,27,33,42,52, 53},,
{24,27,34,46,51, 54},,
{24,27,35,46,50, 53},,
{24,27,37,50,51, 55},,
{24,27,37,52,53, 54},,
{24,27,38,42,43, 56},,
{24,27,38,46,53, 54},,
{24,27,39,40,41, 56},,
{24,27,39,40,47, 55},,
{24,27,41,46,50, 51},,
{24,27,42,43,47, 52},,
{24,28,32,33,37, 56},,
{24,28,32,36,39, 54},,
{24,28,32,40,54, 56},,
{24,28,33,36,40, 53},,
{24,28,33,39,53, 56},,
{24,28,36,37,53, 54},,
{24,29,30,31,37, 56},,
{24,29,30,37,47, 55},,
{24,29,31,36,42, 51},,
{24,29,31,43,51, 56},,
{24,29,32,35,46, 47},,
{24,29,32,46,49, 56},,
{24,29,35,43,47, 53},,
{24,29,36,42,49, 53},,
{24,29,37,40,44, 54},,
{24,29,37,40,50, 55},,
{24,29,38,42,46, 54},,
{24,29,38,43,53, 56},,
{24,29,39,47,51, 55},,
{24,29,39,49,53, 56},,
{24,29,42,46,49, 50},,
{24,29,43,44,47, 51},,
{24,30,31,36,43, 50},,
{24,30,31,42,50, 56},,
{24,30,33,34,46, 47},,
{24,30,33,46,48, 56},,
{24,30,34,42,47, 54},,
{24,30,36,43,48, 54},,
{24,30,37,39,45, 53},,
{24,30,37,39,51, 55},,
{24,30,38,42,54, 56},,
{24,30,38,43,46, 53},,
{24,30,40,47,50, 55},,
{24,30,40,48,54, 56},,
{24,30,42,45,47, 50},,
{24,30,43,46,48, 51},,
{24,31,36,37,50, 51},,
{24,32,33,37,47, 52},,
{24,32,35,40,47, 50},,
{24,32,36,39,49, 50},,
{24,32,37,43,44, 51},,
{24,32,37,43,52, 53},,
{24,32,39,41,46, 51},,
{24,32,39,46,49, 53},,
{24,32,40,41,50, 56},,
{24,32,40,44,47, 54},,
{24,32,42,47,52, 54},,
{24,32,42,49,50, 56},,
{24,33,34,39,47, 51},,
{24,33,36,40,48, 51},,
{24,33,37,42,45, 50},,
{24,33,37,42,52, 54},,
{24,33,39,41,51, 56},,
{24,33,39,45,47, 53},,
{24,33,40,41,46, 50},,
{24,33,40,46,48, 54},,
{24,33,43,47,52, 53},,
{24,33,43,48,51, 56},,
{24,36,37,44,51, 54},,
{24,36,37,45,50, 53},,
{24,36,39,42,45, 47},,
{24,36,39,42,49, 56},,
{24,36,40,43,44, 47},,
{24,36,40,43,48, 56},,
{24,36,46,48,51, 54},,
{24,36,46,49,50, 53},,
{25,26,27,28,41, 52},,
{25,26,27,31,38, 55},,
{25,26,27,38,41, 56},,
{25,26,28,31,37, 56},,
{25,26,28,37,41, 55},,
{25,26,31,37,38, 52},,
{25,27,28,36,40, 53},,
{25,27,28,40,52, 54},,
{25,27,30,34,38, 55},,
{25,27,30,38,50, 54},,
{25,27,31,36,43, 50},,
{25,27,31,43,51, 55},,
{25,27,33,34,41, 52},,
{25,27,33,41,51, 53},,
{25,27,34,45,52, 55},,
{25,27,36,45,50, 53},,
{25,27,37,50,52, 54},,
{25,27,37,51,53, 55},,
{25,27,38,40,42, 56},,
{25,27,38,40,48, 54},,
{25,27,39,41,43, 56},,
{25,27,39,45,53, 55},,
{25,27,41,43,48, 51},,
{25,27,42,45,50, 52},,
{25,28,30,32,37, 56},,
{25,28,30,37,48, 54},,
{25,28,31,36,45, 48},,
{25,28,31,45,49, 56},,
{25,28,32,35,41, 52},,
{25,28,32,43,52, 56},,
{25,28,35,41,49, 53},,
{25,28,36,43,48, 53},,
{25,28,37,40,44, 55},,
{25,28,37,40,50, 54},,
{25,28,38,48,52, 54},,
{25,28,38,49,53, 56},,
{25,28,39,41,45, 55},,
{25,28,39,43,53, 56},,
{25,28,41,45,49, 50},,
{25,28,43,44,48, 52},,
{25,29,31,33,37, 56},,
{25,29,31,35,38, 55},,
{25,29,31,40,55, 56},,
{25,29,33,35,40, 53},,
{25,29,33,38,53, 56},,
{25,29,35,37,53, 55},,
{25,30,32,35,43, 50},,
{25,30,32,41,50, 56},,
{25,30,33,34,45, 48},,
{25,30,33,45,47, 56},,
{25,30,34,41,48, 55},,
{25,30,35,43,47, 55},,
{25,30,37,38,46, 53},,
{25,30,37,38,52, 54},,
{25,30,39,41,55, 56},,
{25,30,39,43,45, 53},,
{25,30,40,47,55, 56},,
{25,30,40,48,50, 54},,
{25,30,41,46,48, 50},,
{25,30,43,45,47, 52},,
{25,31,33,37,48, 51},,
{25,31,35,38,49, 50},,
{25,31,36,40,48, 50},,
{25,31,37,43,44, 52},,
{25,31,37,43,51, 53},,
{25,31,38,42,45, 52},,
{25,31,38,45,49, 53},,
{25,31,40,42,50, 56},,
{25,31,40,44,48, 55},,
{25,31,41,48,51, 55},,
{25,31,41,49,50, 56},,
{25,32,35,37,50, 52},,
{25,33,34,38,48, 52},,
{25,33,35,40,47, 52},,
{25,33,37,41,46, 50},,
{25,33,37,41,51, 55},,
{25,33,38,42,52, 56},,
{25,33,38,46,48, 53},,
{25,33,40,42,45, 50},,
{25,33,40,45,47, 55},,
{25,33,43,47,52, 56},,
{25,33,43,48,51, 53},,
{25,35,37,44,52, 55},,
{25,35,37,46,50, 53},,
{25,35,38,41,46, 48},,
{25,35,38,41,49, 56},,
{25,35,40,43,44, 48},,
{25,35,40,43,47, 56},,
{25,35,45,47,52, 55},,
{25,35,45,49,50, 53},,
{26,27,28,36,39, 54},,
{26,27,28,39,52, 53},,
{26,27,29,35,38, 55},,
{26,27,29,38,51, 53},,
{26,27,31,36,42, 51},,
{26,27,31,42,50, 55},,
{26,27,32,35,41, 52},,
{26,27,32,41,50, 54},,
{26,27,35,44,52, 55},,
{26,27,36,44,51, 54},,
{26,27,37,50,54, 55},,
{26,27,37,51,52, 53},,
{26,27,38,39,43, 56},,
{26,27,38,39,49, 53},,
{26,27,40,41,42, 56},,
{26,27,40,44,54, 55},,
{26,27,41,42,49, 50},,
{26,27,43,44,51, 52},,
{26,28,29,33,37, 56},,
{26,28,29,37,49, 53},,
{26,28,31,36,44, 49},,
{26,28,31,44,48, 56},,
{26,28,33,34,41, 52},,
{26,28,33,42,52, 56},,
{26,28,34,41,48, 54},,
{26,28,36,42,49, 54},,
{26,28,37,39,45, 55},,
{26,28,37,39,51, 53},,
{26,28,38,48,54, 56},,
{26,28,38,49,52, 53},,
{26,28,40,41,44, 55},,
{26,28,40,42,54, 56},,
{26,28,41,44,48, 51},,
{26,28,42,45,49, 52},,
{26,29,32,35,44, 49},,
{26,29,32,44,47, 56},,
{26,29,33,34,42, 51},,
{26,29,33,41,51, 56},,
{26,29,34,42,47, 55},,
{26,29,35,41,49, 55},,
{26,29,37,38,46, 54},,
{26,29,37,38,52, 53},,
{26,29,39,47,55, 56},,
{26,29,39,49,51, 53},,
{26,29,40,41,55, 56},,
{26,29,40,42,44, 54},,
{26,29,41,46,49, 51},,
{26,29,42,44,47, 52},,
{26,30,31,32,37, 56},,
{26,30,31,34,38, 55},,
{26,30,31,39,55, 56},,
{26,30,32,34,39, 54},,
{26,30,32,38,54, 56},,
{26,30,34,37,54, 55},,
{26,31,32,37,49, 50},,
{26,31,34,38,48, 51},,
{26,31,36,39,49, 51},,
{26,31,37,42,45, 52},,
{26,31,37,42,50, 54},,
{26,31,38,43,44, 52},,
{26,31,38,44,48, 54},,
{26,31,39,43,51, 56},,
{26,31,39,45,49, 55},,
{26,31,41,48,51, 56},,
{26,31,41,49,50, 55},,
{26,32,34,39,47, 52},,
{26,32,35,38,49, 52},,
{26,32,37,41,46, 51},,
{26,32,37,41,50, 55},,
{26,32,38,43,52, 56},,
{26,32,38,46,49, 54},,
{26,32,39,43,44, 51},,
{26,32,39,44,47, 55},,
{26,32,42,47,52, 56},,
{26,32,42,49,50, 54},,
{26,33,34,37,51, 52},,
{26,34,37,45,52, 55},,
{26,34,37,46,51, 54},,
{26,34,38,41,46, 49},,
{26,34,38,41,48, 56},,
{26,34,39,42,45, 49},,
{26,34,39,42,47, 56},,
{26,34,44,47,52, 55},,
{26,34,44,48,51, 54},,
{27,28,36,39,40, 41},,
{27,29,35,38,40, 42},,
{27,30,34,38,39, 43},,
{27,31,36,38,42, 43},,
{27,32,35,39,41, 43},,
{27,33,34,40,41, 42},,
{27,34,35,38,41, 46},,
{27,34,36,39,42, 45},,
{27,34,38,43,48, 51},,
{27,34,38,46,51, 53},,
{27,34,39,43,47, 52},,
{27,34,39,45,52, 53},,
{27,34,40,41,48, 54},,
{27,34,40,42,47, 55},,
{27,34,41,46,50, 54},,
{27,34,42,45,50, 55},,
{27,35,36,40,43, 44},,
{27,35,38,42,49, 50},,
{27,35,38,46,50, 54},,
{27,35,39,41,49, 53},,
{27,35,39,43,47, 55},,
{27,35,40,42,47, 52},,
{27,35,40,44,52, 54},,
{27,35,41,46,51, 53},,
{27,35,43,44,51, 55},,
{27,36,38,42,49, 53},,
{27,36,38,43,48, 54},,
{27,36,39,41,49, 50},,
{27,36,39,45,50, 55},,
{27,36,40,41,48, 51},,
{27,36,40,44,51, 55},,
{27,36,42,45,52, 53},,
{27,36,43,44,52, 54},,
{28,29,33,37,40, 44},,
{28,30,32,37,39, 45},,
{28,31,36,37,44, 45},,
{28,32,33,37,41, 46},,
{28,32,35,40,41, 44},,
{28,32,36,39,43, 44},,
{28,32,37,45,49, 50},,
{28,32,37,46,49, 53},,
{28,32,39,43,52, 53},,
{28,32,39,45,47, 52},,
{28,32,40,41,50, 54},,
{28,32,40,44,47, 56},,
{28,32,41,46,48, 54},,
{28,32,43,44,48, 56},,
{28,33,34,39,41, 45},,
{28,33,36,40,42, 45},,
{28,33,37,44,48, 51},,
{28,33,37,46,48, 54},,
{28,33,39,41,51, 53},,
{28,33,39,45,47, 56},,
{28,33,40,42,52, 54},,
{28,33,40,44,47, 52},,
{28,33,41,46,49, 53},,
{28,33,42,45,49, 56},,
{28,36,37,44,51, 53},,
{28,36,37,45,50, 54},,
{28,36,39,41,48, 51},,
{28,36,39,43,48, 56},,
{28,36,40,41,49, 50},,
{28,36,40,42,49, 56},,
{28,36,42,45,52, 54},,
{28,36,43,44,52, 53},,
{29,30,31,37,38, 46},,
{29,31,33,37,42, 45},,
{29,31,35,38,43, 44},,
{29,31,36,40,42, 44},,
{29,31,37,45,49, 53},,
{29,31,37,46,49, 50},,
{29,31,38,43,51, 53},,
{29,31,38,46,48, 51},,
{29,31,40,42,50, 55},,
{29,31,40,44,48, 56},,
{29,31,42,45,47, 55},,
{29,31,43,44,47, 56},,
{29,32,35,37,44, 46},,
{29,33,34,38,42, 46},,
{29,33,35,40,41, 46},,
{29,33,37,44,47, 52},,
{29,33,37,45,47, 55},,
{29,33,38,42,52, 53},,
{29,33,38,46,48, 56},,
{29,33,40,41,51, 55},,
{29,33,40,44,48, 51},,
{29,33,41,46,49, 56},,
{29,33,42,45,49, 53},,
{29,35,37,44,52, 53},,
{29,35,37,46,50, 55},,
{29,35,38,42,47, 52},,
{29,35,38,43,47, 56},,
{29,35,40,41,49, 56},,
{29,35,40,42,49, 50},,
{29,35,41,46,51, 55},,
{29,35,43,44,51, 53},,
{30,31,32,37,43, 44},,
{30,31,34,38,42, 45},,
{30,31,36,39,43, 45},,
{30,31,37,44,48, 54},,
{30,31,37,46,48, 51},,
{30,31,38,42,50, 54},,
{30,31,38,46,49, 50},,
{30,31,39,43,51, 55},,
{30,31,39,45,49, 56},,
{30,31,42,45,47, 56},,
{30,31,43,44,47, 55},,
{30,32,34,39,41, 46},,
{30,32,35,38,43, 46},,
{30,32,37,44,47, 55},,
{30,32,37,45,47, 52},,
{30,32,38,43,52, 54},,
{30,32,38,46,49, 56},,
{30,32,39,41,50, 55},,
{30,32,39,45,49, 50},,
{30,32,41,46,48, 56},,
{30,32,43,44,48, 54},,
{30,33,34,37,45, 46},,
{30,34,37,45,52, 54},,
{30,34,37,46,51, 55},,
{30,34,38,42,47, 56},,
{30,34,38,43,47, 52},,
{30,34,39,41,48, 56},,
{30,34,39,43,48, 51},,
{30,34,41,46,50, 55},,
{30,34,42,45,50, 54},,
{31,36,37,44,50, 54},,
{31,36,37,45,51, 53},,
{31,36,38,42,48, 54},,
{31,36,38,43,49, 53},,
{31,36,39,43,49, 56},,
{31,36,39,45,51, 55},,
{31,36,40,42,48, 56},,
{31,36,40,44,50, 55},,
{32,35,37,44,50, 55},,
{32,35,37,46,52, 53},,
{32,35,38,43,49, 56},,
{32,35,38,46,52, 54},,
{32,35,39,41,47, 55},,
{32,35,39,43,49, 53},,
{32,35,40,41,47, 56},,
{32,35,40,44,50, 54},,
{33,34,37,45,51, 55},,
{33,34,37,46,52, 54},,
{33,34,38,42,48, 56},,
{33,34,38,46,52, 53},,
{33,34,39,41,47, 56},,
{33,34,39,45,51, 53},,
{33,34,40,41,47, 55},,
{33,34,40,42,48, 54},,
,,,,,,,
Total fault-tolerant metric bases found: 5040,,,,,,,
